requested_density,priority_scenario,treatment_mode,controller_fraction,pairs,priority_speed_delta_mean,priority_speed_delta_ci95_low,priority_speed_delta_ci95_high,worst_priority_speed_delta_mean,worst_priority_speed_delta_ci95_low,worst_priority_speed_delta_ci95_high,background_flow_ratio_mean,background_flow_loss_mean,sufficient_pairs,pv_improvement_significant,background_flow_acceptable,effective_region
0.05,one,baseline2_all_hdv_yield,1.0,10,0.5277500000000003,0.35444875000000037,0.6578012500000001,0.5277500000000003,0.3508487500000002,0.6586037500000002,0.9775897507419746,0.022410249258025372,True,True,True,True
0.05,one,baseline2_matched_0.050,0.05,10,0.02350000000000012,-0.039049999999999856,0.08350250000000005,0.02350000000000012,-0.03835249999999995,0.08200375000000015,0.9993579600874318,0.0006420399125681708,True,False,True,False
0.05,one,baseline2_matched_0.200,0.2,10,-0.0285499999999999,-0.11699999999999991,0.049303750000000236,-0.0285499999999999,-0.11485124999999993,0.049602499999999924,0.9992547960870818,0.0007452039129182131,True,False,True,False
0.05,one,baseline2_matched_0.350,0.35,10,0.1416500000000001,0.06580000000000004,0.2168000000000001,0.1416500000000001,0.06734750000000035,0.21735125000000005,0.9999069091134285,9.309088657150077e-05,True,True,True,True
0.05,one,baseline2_matched_0.500,0.5,10,0.06530000000000005,-0.04170000000000016,0.18180375000000018,0.06530000000000005,-0.03955250000000026,0.1818512500000001,0.9985581667700307,0.0014418332299692693,True,False,True,False
0.05,one,baseline2_matched_0.650,0.65,10,0.28345000000000004,0.18330000000000019,0.3714512500000001,0.28345000000000004,0.1839487500000001,0.37170125,0.9970333111540632,0.00296668884593676,True,True,True,True
0.05,one,baseline2_matched_0.800,0.8,10,0.3133000000000001,0.23029875000000027,0.40185125000000005,0.3133000000000001,0.22739500000000015,0.40140125000000015,0.9952931122556405,0.004706887744359456,True,True,True,True
0.05,one,baseline2_matched_0.950,0.95,10,0.45565000000000017,0.278345,0.5977025000000001,0.45565000000000017,0.27669500000000025,0.59825,0.9853908476361918,0.01460915236380822,True,True,True,True
0.05,two-2g,baseline2_all_hdv_yield,1.0,10,0.57345,0.5089499999999998,0.6472325,0.6054,0.5448475000000002,0.6736525,0.9756152671855253,0.02438473281447473,True,True,True,True
0.05,two-2g,baseline2_matched_0.050,0.05,10,-0.00625,-0.0720787500000002,0.056753125000000126,-0.003900000000000059,-0.07700250000000011,0.06505249999999997,1.0002861054913776,-0.00028610549137764174,True,False,True,False
0.05,two-2g,baseline2_matched_0.200,0.2,10,0.05942499999999997,-0.02007625000000027,0.14642750000000013,0.03399999999999999,-0.05450125000000007,0.13160125000000006,0.999848673270771,0.0001513267292290177,True,False,True,False
0.05,two-2g,baseline2_matched_0.350,0.35,10,0.1029749999999999,-0.008950624999999832,0.2103756249999999,0.10540000000000002,0.00029875000000010975,0.21345125000000006,0.9999882335994043,1.1766400595747406e-05,True,False,True,False
0.05,two-2g,baseline2_matched_0.500,0.5,10,0.14275000000000002,0.0996500000000001,0.18652625000000012,0.11900000000000004,0.06019999999999994,0.18565000000000015,0.9991360567183261,0.0008639432816739401,True,True,True,True
0.05,two-2g,baseline2_matched_0.650,0.65,10,0.20412499999999997,0.12964812499999984,0.2699506249999998,0.1936,0.05309625000000009,0.3085012499999999,0.995874233019547,0.004125766980452972,True,True,True,True
0.05,two-2g,baseline2_matched_0.800,0.8,10,0.3489,0.2770243749999998,0.41663249999999996,0.36350000000000005,0.28809124999999997,0.4352012500000001,0.9939039497037537,0.006096050296246269,True,True,True,True
0.05,two-2g,baseline2_matched_0.950,0.95,10,0.501075,0.4418000000000001,0.5671518750000003,0.5260500000000001,0.4637975000000003,0.5945000000000003,0.9869154639519542,0.013084536048045825,True,True,True,True
0.05,two-g,baseline2_all_hdv_yield,1.0,10,0.5844000000000001,0.5303000000000002,0.6496525000000001,0.6081,0.5458500000000001,0.6763012499999996,0.9743611082102145,0.025638891789785512,True,True,True,True
0.05,two-g,baseline2_matched_0.050,0.05,10,0.01905000000000001,-0.04787500000000007,0.07812625000000006,0.018299999999999983,-0.06064999999999996,0.09640125000000002,0.9997061029919582,0.0002938970080418324,True,False,True,False
0.05,two-g,baseline2_matched_0.200,0.2,10,0.1048,0.02237312500000009,0.16730062499999984,0.0992,0.011896250000000008,0.16620124999999972,0.9993673315568185,0.0006326684431815499,True,True,True,True
0.05,two-g,baseline2_matched_0.350,0.35,10,0.0996500000000001,0.024294999999999903,0.1651031250000002,0.11919999999999993,0.047250000000000104,0.17965124999999998,0.9982897094619883,0.0017102905380117495,True,True,True,True
0.05,two-g,baseline2_matched_0.500,0.5,10,0.21147500000000016,0.16187250000000022,0.26347500000000024,0.217,0.1536462499999997,0.28065375000000004,0.9977863436884571,0.002213656311542911,True,True,True,True
0.05,two-g,baseline2_matched_0.650,0.65,10,0.29152500000000003,0.21572374999999996,0.37075125000000003,0.29414999999999986,0.22254874999999988,0.3726074999999997,0.9959636741152857,0.004036325884714254,True,True,True,True
0.05,two-g,baseline2_matched_0.800,0.8,10,0.3888000000000001,0.33942437500000006,0.45450062500000016,0.38439999999999996,0.3266499999999999,0.4468012499999998,0.9928138398626414,0.0071861601373586215,True,True,True,True
0.05,two-g,baseline2_matched_0.950,0.95,10,0.5407250000000001,0.4917475,0.5961500000000001,0.563,0.5049999999999998,0.6234012500000001,0.9821556359345088,0.01784436406549117,True,True,True,True
0.1,one,baseline2_all_hdv_yield,1.0,10,0.87255,0.8548487499999999,0.89115125,0.87255,0.85444875,0.8913512499999998,1.0036289545324135,-0.0036289545324135197,True,True,True,True
0.1,one,baseline2_matched_0.050,0.05,10,0.02059999999999995,0.0039500000000001175,0.0384512499999999,0.02059999999999995,0.0034999999999999255,0.03840000000000003,1.0000821433021374,-8.214330213740517e-05,True,True,True,True
0.1,one,baseline2_matched_0.200,0.2,10,0.0878499999999999,0.06324999999999995,0.11414999999999989,0.0878499999999999,0.06359999999999992,0.11464999999999978,1.0004791263117407,-0.0004791263117407407,True,True,True,True
0.1,one,baseline2_matched_0.350,0.35,10,0.20815,0.18449749999999984,0.23164999999999997,0.20815,0.18494875000000002,0.2325,1.001207636971775,-0.0012076369717750612,True,True,True,True
0.1,one,baseline2_matched_0.500,0.5,10,0.2829999999999998,0.2697499999999999,0.2970499999999997,0.2829999999999998,0.26985000000000003,0.2966999999999998,1.0017682295728565,-0.0017682295728564945,True,True,True,True
0.1,one,baseline2_matched_0.650,0.65,10,0.3938,0.3635987499999998,0.4213512499999998,0.3938,0.36399875000000015,0.42110124999999987,1.0024619039716474,-0.002461903971647361,True,True,True,True
0.1,one,baseline2_matched_0.800,0.8,10,0.5483,0.5240499999999998,0.5735500000000002,0.5483,0.5238999999999999,0.5736000000000003,1.0033313099989547,-0.0033313099989547013,True,True,True,True
0.1,one,baseline2_matched_0.950,0.95,10,0.7767999999999999,0.7641999999999999,0.78935,0.7767999999999999,0.7645987499999998,0.7897,1.0039791449645095,-0.003979144964509462,True,True,True,True
0.1,two-2g,baseline2_all_hdv_yield,1.0,10,0.8757750000000002,0.8613493750000002,0.8887250000000002,0.8825500000000002,0.86969875,0.8956000000000002,1.0027673738277552,-0.0027673738277551596,True,True,True,True
0.1,two-2g,baseline2_matched_0.050,0.05,10,0.02187500000000009,0.0017500000000001848,0.04242499999999981,0.022350000000000047,0.0003487499999999088,0.045399999999999975,1.0004242224395896,-0.0004242224395896166,True,True,True,True
0.1,two-2g,baseline2_matched_0.200,0.2,10,0.08752499999999994,0.07002500000000005,0.10852562499999983,0.08814999999999999,0.06935000000000002,0.10949999999999989,1.0009413163458754,-0.0009413163458753537,True,True,True,True
0.1,two-2g,baseline2_matched_0.350,0.35,10,0.16892499999999994,0.15199937500000021,0.18742499999999981,0.15555000000000002,0.13569875000000003,0.17430125000000019,1.0015946119233352,-0.0015946119233352096,True,True,True,True
0.1,two-2g,baseline2_matched_0.500,0.5,10,0.281875,0.27,0.294275625,0.27655,0.2667500000000003,0.2855,1.0025016925668864,-0.002501692566886371,True,True,True,True
0.1,two-2g,baseline2_matched_0.650,0.65,10,0.3737749999999999,0.35667499999999996,0.3913756249999999,0.36500000000000005,0.3438500000000002,0.3835,1.0032061889670163,-0.003206188967016299,True,True,True,True
0.1,two-2g,baseline2_matched_0.800,0.8,10,0.5053250000000001,0.48032500000000045,0.527025625,0.49944999999999995,0.47229749999999987,0.5229025000000002,1.0035764785357872,-0.003576478535787242,True,True,True,True
0.1,two-2g,baseline2_matched_0.950,0.95,10,0.73105,0.7117500000000001,0.7498,0.73125,0.7162499999999998,0.7468000000000001,1.004033364880622,-0.0040333648806218925,True,True,True,True
0.1,two-g,baseline2_all_hdv_yield,1.0,10,0.8510749999999998,0.8266974999999998,0.871650625,0.8623,0.8360987500000001,0.88415,1.0024584580512639,-0.0024584580512638787,True,True,True,True
0.1,two-g,baseline2_matched_0.050,0.05,10,0.003724999999999845,-0.009451250000000255,0.017049999999999618,0.003449999999999953,-0.0096000000000001,0.017350000000000067,0.9999023837036619,9.761629633808777e-05,True,False,True,False
0.1,two-g,baseline2_matched_0.200,0.2,10,0.07132499999999986,0.04934874999999983,0.09467499999999998,0.06870000000000012,0.04874999999999998,0.09200000000000016,1.0007706227930335,-0.0007706227930335263,True,True,True,True
0.1,two-g,baseline2_matched_0.350,0.35,10,0.15589999999999993,0.1359,0.17552499999999993,0.1400500000000001,0.1254987500000001,0.15695000000000006,1.0014673398824496,-0.0014673398824496253,True,True,True,True
0.1,two-g,baseline2_matched_0.500,0.5,10,0.25272499999999987,0.23212437499999977,0.27340124999999965,0.24124999999999996,0.22100000000000009,0.25845124999999997,1.002060252239221,-0.0020602522392210165,True,True,True,True
0.1,two-g,baseline2_matched_0.650,0.65,10,0.3572749999999999,0.335624375,0.3787006249999995,0.35225000000000006,0.3312500000000001,0.3740012500000002,1.0030598814902043,-0.003059881490204308,True,True,True,True
0.1,two-g,baseline2_matched_0.800,0.8,10,0.4977499999999999,0.4750743750000001,0.5267281249999999,0.50495,0.4813500000000001,0.53375125,1.003541810679073,-0.0035418106790729986,True,True,True,True
0.1,two-g,baseline2_matched_0.950,0.95,10,0.70445,0.6781487499999999,0.7268256250000003,0.7027500000000001,0.6769999999999998,0.7290500000000001,1.0034528905209248,-0.0034528905209247895,True,True,True,True
0.15,one,baseline2_all_hdv_yield,1.0,10,0.9912500000000002,0.9805999999999999,1.0016500000000002,0.9912500000000002,0.9807500000000001,1.0016000000000003,0.9978354507980708,0.002164549201929211,True,True,True,True
0.15,one,baseline2_matched_0.050,0.05,10,0.017100000000000025,-0.004300000000000104,0.038201250000000214,0.017100000000000025,-0.004099999999999862,0.03830000000000018,1.000053812200488,-5.3812200488057016e-05,True,False,True,False
0.15,one,baseline2_matched_0.200,0.2,10,0.06940000000000017,0.05814875000000003,0.07970000000000024,0.06940000000000017,0.05840000000000014,0.07980000000000018,0.9999515245791469,4.8475420853066886e-05,True,True,True,True
0.15,one,baseline2_matched_0.350,0.35,10,0.16515000000000005,0.14120000000000008,0.18689999999999998,0.16515000000000005,0.14244875000000004,0.18705000000000008,0.9995859119078272,0.00041408809217280407,True,True,True,True
0.15,one,baseline2_matched_0.500,0.5,10,0.26435000000000014,0.24335000000000012,0.2868512500000001,0.26435000000000014,0.24385000000000004,0.2871500000000001,0.9995371162956159,0.0004628837043840761,True,True,True,True
0.15,one,baseline2_matched_0.650,0.65,10,0.35475000000000023,0.3270500000000003,0.3846500000000003,0.35475000000000023,0.32754875000000017,0.3846000000000003,0.9995718919803018,0.00042810801969817014,True,True,True,True
0.15,one,baseline2_matched_0.800,0.8,10,0.5402500000000001,0.5213,0.5577500000000003,0.5402500000000001,0.5213475,0.5580512500000002,0.9991240459853504,0.0008759540146495715,True,True,True,True
0.15,one,baseline2_matched_0.950,0.95,10,0.8028500000000001,0.7853987500000001,0.82025,0.8028500000000001,0.7852487500000002,0.8209500000000001,0.9987166831792903,0.0012833168207097012,True,True,True,True
0.15,two-2g,baseline2_all_hdv_yield,1.0,10,0.948675,0.9163993750000001,0.9793506250000001,0.9481999999999999,0.9156487499999998,0.9803512499999998,0.9964410292625763,0.003558970737423728,True,True,True,True
0.15,two-2g,baseline2_matched_0.050,0.05,10,0.031774999999999845,0.019399999999999813,0.04497499999999973,0.031300000000000064,0.01059875000000018,0.05195124999999996,0.9998855189215388,0.00011448107846123712,True,True,True,True
0.15,two-2g,baseline2_matched_0.200,0.2,10,0.07627499999999995,0.059524375000000185,0.09402499999999972,0.06975000000000006,0.05150000000000005,0.08860125000000008,0.9991035132191005,0.0008964867808994859,True,True,True,True
0.15,two-2g,baseline2_matched_0.350,0.35,10,0.14947500000000008,0.13049812500000016,0.17112562500000011,0.14540000000000006,0.12190000000000012,0.17175125,0.9994292076977989,0.0005707923022011396,True,True,True,True
0.15,two-2g,baseline2_matched_0.500,0.5,10,0.24312499999999995,0.21919937499999992,0.2655506249999999,0.23070000000000004,0.19880000000000003,0.25884999999999997,0.998825770397767,0.0011742296022330123,True,True,True,True
0.15,two-2g,baseline2_matched_0.650,0.65,10,0.34844999999999987,0.32039937499999993,0.37219999999999986,0.34695,0.3265987499999999,0.3694,0.9983830436405142,0.0016169563594857772,True,True,True,True
0.15,two-2g,baseline2_matched_0.800,0.8,10,0.50125,0.47914937499999993,0.5270249999999999,0.4871500000000001,0.45430000000000026,0.5230012499999999,0.9971411489352136,0.0028588510647864496,True,True,True,True
0.15,two-2g,baseline2_matched_0.950,0.95,10,0.7389749999999998,0.6964743749999998,0.7829499999999998,0.7352000000000003,0.6915000000000002,0.7818512500000003,0.9973057291748416,0.0026942708251583847,True,True,True,True
0.15,two-g,baseline2_all_hdv_yield,1.0,10,0.94115,0.9128493750000001,0.9711250000000001,0.9433499999999999,0.91694875,0.9701499999999996,0.996492773277455,0.0035072267225449982,True,True,True,True
0.15,two-g,baseline2_matched_0.050,0.05,10,0.012175000000000047,-0.004199999999999893,0.030849999999999957,0.0182500000000001,0.0014499999999999958,0.03695000000000013,0.9998962249330328,0.0001037750669672377,True,False,True,False
0.15,two-g,baseline2_matched_0.200,0.2,10,0.06332499999999994,0.04269999999999996,0.08539999999999974,0.06470000000000002,0.03985000000000012,0.09025125000000006,0.999081307410561,0.0009186925894389963,True,True,True,True
0.15,two-g,baseline2_matched_0.350,0.35,10,0.1368249999999999,0.12159999999999985,0.1553,0.13840000000000013,0.11769875000000014,0.16085000000000002,0.9992978255338775,0.0007021744661225293,True,True,True,True
0.15,two-g,baseline2_matched_0.500,0.5,10,0.22037499999999985,0.19532437499999963,0.24589999999999979,0.21354999999999985,0.1850999999999999,0.2422999999999999,0.9987710065208107,0.0012289934791892554,True,True,True,True
0.15,two-g,baseline2_matched_0.650,0.65,10,0.3412750000000001,0.3185500000000001,0.3674250000000002,0.3392000000000001,0.3085500000000002,0.3732012500000001,0.9989585588502721,0.0010414411497279286,True,True,True,True
0.15,two-g,baseline2_matched_0.800,0.8,10,0.4939,0.47175,0.5178031250000001,0.4902500000000001,0.4611000000000004,0.5205,0.9978836179448803,0.002116382055119659,True,True,True,True
0.15,two-g,baseline2_matched_0.950,0.95,10,0.7444,0.71114875,0.774450625,0.7454000000000002,0.7122500000000003,0.7753000000000003,0.9967570932760793,0.003242906723920691,True,True,True,True
0.2,one,baseline2_all_hdv_yield,1.0,10,1.2177,1.1726999999999999,1.2584,1.2177,1.1725499999999998,1.2587499999999998,0.9937014373484645,0.0062985626515355,True,True,True,True
0.2,one,baseline2_matched_0.050,0.05,10,0.05605000000000002,0.02130000000000005,0.09395000000000002,0.05605000000000002,0.020648749999999893,0.09490125,1.0001732831667975,-0.0001732831667975443,True,True,True,True
0.2,one,baseline2_matched_0.200,0.2,10,0.12680000000000008,0.09650000000000017,0.1579000000000002,0.12680000000000008,0.0965974999999998,0.15750000000000014,0.999874824422424,0.00012517557757596443,True,True,True,True
0.2,one,baseline2_matched_0.350,0.35,10,0.18175,0.14655000000000004,0.2134512500000002,0.18175,0.14745000000000008,0.21300124999999992,0.9995908438122786,0.0004091561877214156,True,True,True,True
0.2,one,baseline2_matched_0.500,0.5,10,0.29275,0.25449875,0.33199999999999985,0.29275,0.25479875000000013,0.33245,0.998170152774738,0.0018298472252620268,True,True,True,True
0.2,one,baseline2_matched_0.650,0.65,10,0.41015000000000007,0.36804999999999993,0.4536512500000002,0.41015000000000007,0.36789875,0.45290125000000014,0.9979348577468382,0.002065142253161789,True,True,True,True
0.2,one,baseline2_matched_0.800,0.8,10,0.5790000000000001,0.54394875,0.6131512500000003,0.5790000000000001,0.5430499999999999,0.6130512500000002,0.9959476967538278,0.004052303246172229,True,True,True,True
0.2,one,baseline2_matched_0.950,0.95,10,0.9039999999999999,0.8636987500000003,0.9408024999999999,0.9039999999999999,0.8637487500000003,0.94055,0.9946483443202669,0.005351655679733058,True,True,True,True
0.2,two-2g,baseline2_all_hdv_yield,1.0,10,1.1363000000000003,1.1071000000000002,1.16665,1.128,1.093,1.1654,0.9868517795498443,0.013148220450155734,True,True,True,True
0.2,two-2g,baseline2_matched_0.050,0.05,10,0.02160000000000011,-0.004249999999999866,0.04619999999999998,0.028499999999999925,0.0007974999999996734,0.05484999999999981,0.9989148632590629,0.0010851367409371315,True,False,True,False
0.2,two-2g,baseline2_matched_0.200,0.2,10,0.0979750000000001,0.07674937500000019,0.1203024999999999,0.10299999999999998,0.07940000000000005,0.1271012500000001,0.9982880398396426,0.0017119601603573509,True,True,True,True
0.2,two-2g,baseline2_matched_0.350,0.35,10,0.161425,0.1356250000000001,0.18395000000000006,0.1575999999999999,0.13454999999999978,0.17914999999999992,0.996981815139111,0.003018184860889006,True,True,True,True
0.2,two-2g,baseline2_matched_0.500,0.5,10,0.24502499999999997,0.22217499999999996,0.26799999999999996,0.24855000000000005,0.22224750000000004,0.2780512499999998,0.9956238134607676,0.004376186539232441,True,True,True,True
0.2,two-2g,baseline2_matched_0.650,0.65,10,0.3399250000000002,0.3120250000000003,0.3676750000000001,0.3470499999999999,0.3150999999999998,0.3803999999999999,0.9939624405892052,0.006037559410794757,True,True,True,True
0.2,two-2g,baseline2_matched_0.800,0.8,10,0.51865,0.487275,0.547275,0.5188999999999999,0.48850000000000016,0.5492999999999998,0.9925884597808234,0.00741154021917656,True,True,True,True
0.2,two-2g,baseline2_matched_0.950,0.95,10,0.8175500000000001,0.7768499999999998,0.8628250000000002,0.8114000000000001,0.7742499999999997,0.8521000000000001,0.9893869892755843,0.010613010724415672,True,True,True,True
0.2,two-g,baseline2_all_hdv_yield,1.0,10,1.16355,1.1429750000000003,1.1857512499999998,1.15915,1.1250499999999999,1.1916499999999997,0.9860448627264681,0.013955137273531926,True,True,True,True
0.2,two-g,baseline2_matched_0.050,0.05,10,0.009925000000000139,-0.018624999999999805,0.03882500000000007,0.02059999999999995,-0.013700000000000047,0.05404999999999997,0.9980716113765504,0.0019283886234495728,True,False,True,False
0.2,two-g,baseline2_matched_0.200,0.2,10,0.08824999999999994,0.05952374999999984,0.11420062499999999,0.09029999999999991,0.0621999999999999,0.1188499999999999,0.99662963510623,0.0033703648937699615,True,True,True,True
0.2,two-g,baseline2_matched_0.350,0.35,10,0.15759999999999996,0.12994937499999992,0.18222500000000003,0.16540000000000007,0.13724999999999996,0.1893000000000001,0.9967237438158429,0.003276256184157056,True,True,True,True
0.2,two-g,baseline2_matched_0.500,0.5,10,0.23884999999999995,0.20924874999999987,0.26612625,0.24029999999999996,0.21054999999999985,0.27020000000000005,0.9952350138412301,0.004764986158769857,True,True,True,True
0.2,two-g,baseline2_matched_0.650,0.65,10,0.35895,0.332625,0.3838250000000002,0.3633,0.33529999999999993,0.39064999999999994,0.9932585247382175,0.006741475261782481,True,True,True,True
0.2,two-g,baseline2_matched_0.800,0.8,10,0.5105,0.4732993749999998,0.5447500000000002,0.5171,0.4795474999999999,0.5504499999999999,0.9908120349384774,0.00918796506152264,True,True,True,True
0.2,two-g,baseline2_matched_0.950,0.95,10,0.8310000000000001,0.8003,0.8637012500000002,0.82865,0.79324875,0.8662499999999997,0.9888307083831762,0.011169291616823784,True,True,True,True
0.25,one,baseline2_all_hdv_yield,1.0,10,1.1652,1.1059987500000004,1.21690125,1.1652,1.1084500000000002,1.2168024999999998,0.9912896507952986,0.008710349204701373,True,True,True,True
0.25,one,baseline2_matched_0.050,0.05,10,0.0041499999999999645,-0.017150000000000176,0.024350000000000094,0.0041499999999999645,-0.017000000000000036,0.023999999999999976,0.9985799372543989,0.001420062745601136,True,False,True,False
0.25,one,baseline2_matched_0.200,0.2,10,0.08254999999999994,0.04674999999999998,0.11954999999999986,0.08254999999999994,0.04654999999999983,0.11975124999999996,0.9989229970130632,0.0010770029869368036,True,True,True,True
0.25,one,baseline2_matched_0.350,0.35,10,0.23319999999999994,0.20044874999999995,0.26725124999999994,0.23319999999999994,0.20099875,0.26650124999999986,0.9979548471661218,0.0020451528338781833,True,True,True,True
0.25,one,baseline2_matched_0.500,0.5,10,0.3014,0.27434875,0.3293499999999999,0.3014,0.27425000000000005,0.32949999999999996,0.9974430368534991,0.00255696314650089,True,True,True,True
0.25,one,baseline2_matched_0.650,0.65,10,0.4222999999999999,0.3967987499999999,0.44914999999999994,0.4222999999999999,0.3968999999999999,0.44939999999999997,0.9958820679569543,0.004117932043045669,True,True,True,True
0.25,one,baseline2_matched_0.800,0.8,10,0.55995,0.52619875,0.6042512500000001,0.55995,0.5262462499999999,0.6039525,0.9956893032999767,0.004310696700023264,True,True,True,True
0.25,one,baseline2_matched_0.950,0.95,10,0.8677999999999999,0.8320000000000001,0.9021999999999999,0.8677999999999999,0.83255,0.9013499999999999,0.9937454471731071,0.006254552826892912,True,True,True,True
0.25,two-2g,baseline2_all_hdv_yield,1.0,10,1.091125,1.0333993750000001,1.1393262499999999,1.08815,1.03305,1.13540125,0.9864275673774558,0.01357243262254415,True,True,True,True
0.25,two-2g,baseline2_matched_0.050,0.05,10,0.02775000000000003,0.005024375000000062,0.04907500000000002,0.028200000000000003,0.00229999999999988,0.053850000000000044,0.9995722795685976,0.0004277204314023786,True,True,True,True
0.25,two-2g,baseline2_matched_0.200,0.2,10,0.10637499999999997,0.08564999999999987,0.1290000000000001,0.09689999999999999,0.07515000000000009,0.11854999999999993,0.9986937946207737,0.0013062053792263217,True,True,True,True
0.25,two-2g,baseline2_matched_0.350,0.35,10,0.170025,0.13889937500000007,0.200975,0.17054999999999998,0.14044875000000004,0.2016999999999999,0.9968321718308036,0.003167828169196363,True,True,True,True
0.25,two-2g,baseline2_matched_0.500,0.5,10,0.27979999999999994,0.255274375,0.30520124999999987,0.28209999999999996,0.25789999999999985,0.30755,0.9966026356565015,0.0033973643434984657,True,True,True,True
0.25,two-2g,baseline2_matched_0.650,0.65,10,0.376525,0.339125,0.41402562499999995,0.3746,0.33590000000000014,0.41659999999999986,0.9949006942012419,0.005099305798758058,True,True,True,True
0.25,two-2g,baseline2_matched_0.800,0.8,10,0.519975,0.5036250000000001,0.536825625,0.51665,0.49795,0.5345000000000001,0.992777020522969,0.0072229794770309885,True,True,True,True
0.25,two-2g,baseline2_matched_0.950,0.95,10,0.7639250000000001,0.7349731250000001,0.790850625,0.7524000000000001,0.7183000000000002,0.7825000000000001,0.9883748959536257,0.01162510404637429,True,True,True,True
0.25,two-g,baseline2_all_hdv_yield,1.0,10,1.091125,1.0329943750000001,1.1383999999999996,1.08815,1.0309500000000003,1.1361012499999996,0.9864275673774558,0.01357243262254415,True,True,True,True
0.25,two-g,baseline2_matched_0.050,0.05,10,-0.003450000000000042,-0.023375000000000055,0.017925624999999917,-0.007950000000000035,-0.03115000000000001,0.014202499999999906,0.9988080874074093,0.0011919125925906604,True,False,True,False
0.25,two-g,baseline2_matched_0.200,0.2,10,0.09637500000000002,0.06302499999999997,0.128875625,0.10280000000000004,0.06835000000000009,0.13465124999999992,0.9982792487029277,0.001720751297072276,True,True,True,True
0.25,two-g,baseline2_matched_0.350,0.35,10,0.1491249999999999,0.12277437500000003,0.17550124999999991,0.14980000000000002,0.12100000000000008,0.17975124999999997,0.9976949197893965,0.002305080210603494,True,True,True,True
0.25,two-g,baseline2_matched_0.500,0.5,10,0.2573749999999999,0.23457437499999997,0.28069999999999984,0.24914999999999993,0.2217499999999999,0.2739999999999999,0.995198195332951,0.004801804667049048,True,True,True,True
0.25,two-g,baseline2_matched_0.650,0.65,10,0.36527499999999996,0.33847437499999994,0.38982625,0.3498,0.3174500000000001,0.3801499999999999,0.9942323975521816,0.005767602447818376,True,True,True,True
0.25,two-g,baseline2_matched_0.800,0.8,10,0.5260999999999999,0.49847437499999986,0.5560499999999999,0.52015,0.49369874999999985,0.5474,0.9919117547149737,0.008088245285026274,True,True,True,True
0.25,two-g,baseline2_matched_0.950,0.95,10,0.7960499999999999,0.7805743749999998,0.8147749999999998,0.7795,0.75525,0.80675125,0.9881462449893643,0.01185375501063568,True,True,True,True
0.3,one,baseline2_all_hdv_yield,1.0,10,0.97355,0.9383000000000002,1.006,0.97355,0.9385425000000001,1.0060999999999998,0.9912646927679145,0.008735307232085487,True,True,True,True
0.3,one,baseline2_matched_0.050,0.05,10,0.03375000000000008,0.008847500000000005,0.059900000000000106,0.03375000000000008,0.007850000000000086,0.06075125000000002,0.9995650402647385,0.00043495973526153087,True,True,True,True
0.3,one,baseline2_matched_0.200,0.2,10,0.1041,0.06705000000000001,0.1381499999999999,0.1041,0.06629874999999996,0.13890125,0.998426944416335,0.0015730555836650506,True,True,True,True
0.3,one,baseline2_matched_0.350,0.35,10,0.18599999999999994,0.16994999999999996,0.20229999999999992,0.18599999999999994,0.1697987499999999,0.2023999999999999,0.9987897615874799,0.0012102384125201038,True,True,True,True
0.3,one,baseline2_matched_0.500,0.5,10,0.28805000000000003,0.25905000000000006,0.31950124999999996,0.28805000000000003,0.25805,0.31955,0.997138882170565,0.0028611178294349893,True,True,True,True
0.3,one,baseline2_matched_0.650,0.65,10,0.37679999999999997,0.34085,0.41435124999999995,0.37679999999999997,0.34225000000000005,0.41390124999999994,0.9966039511216904,0.0033960488783095766,True,True,True,True
0.3,one,baseline2_matched_0.800,0.8,10,0.5188,0.48550000000000004,0.5476512499999997,0.5188,0.48429875000000017,0.5479999999999999,0.9964396528162064,0.0035603471837936107,True,True,True,True
0.3,one,baseline2_matched_0.950,0.95,10,0.7463,0.6924962500000001,0.7909525000000001,0.7463,0.6925475000000001,0.7911,0.9935971702445654,0.0064028297554346025,True,True,True,True
0.3,two-2g,baseline2_all_hdv_yield,1.0,10,0.9240000000000002,0.8893500000000001,0.961025625,0.91845,0.8918999999999999,0.9483512500000001,0.9881660022238237,0.01183399777617633,True,True,True,True
0.3,two-2g,baseline2_matched_0.050,0.05,10,0.016649999999999963,-0.006175000000000086,0.04290124999999992,0.03234999999999992,0.0010999999999999233,0.0680499999999999,0.9989278169634268,0.0010721830365731932,True,False,True,False
0.3,two-2g,baseline2_matched_0.200,0.2,10,0.09595000000000006,0.074224375,0.12105312500000005,0.11035000000000003,0.08209875,0.13995125,0.9990286974386233,0.0009713025613766746,True,True,True,True
0.3,two-2g,baseline2_matched_0.350,0.35,10,0.1504250000000001,0.11742500000000011,0.18107562500000013,0.16685,0.13610000000000003,0.1936500000000001,0.9980302996753805,0.0019697003246195166,True,True,True,True
0.3,two-2g,baseline2_matched_0.500,0.5,10,0.24565,0.221224375,0.271278125,0.2625999999999999,0.2337987499999998,0.2929,0.9976433713279003,0.0023566286720997365,True,True,True,True
0.3,two-2g,baseline2_matched_0.650,0.65,10,0.36735000000000007,0.3428000000000001,0.39205062500000004,0.3742,0.35459999999999997,0.3956,0.9955914956219376,0.0044085043780623945,True,True,True,True
0.3,two-2g,baseline2_matched_0.800,0.8,10,0.4772250000000001,0.44692375000000006,0.5069500000000001,0.48195,0.45579875,0.5085,0.9927968883357796,0.007203111664220385,True,True,True,True
0.3,two-2g,baseline2_matched_0.950,0.95,10,0.7116250000000001,0.6602231250000001,0.76575,0.7232499999999998,0.6659499999999999,0.7810499999999999,0.9900652240307967,0.009934775969203335,True,True,True,True
0.3,two-g,baseline2_all_hdv_yield,1.0,10,0.9341000000000002,0.8964493750000001,0.9726756250000003,0.9283999999999999,0.8981987499999999,0.9599499999999999,0.9891560324637514,0.010843967536248611,True,True,True,True
0.3,two-g,baseline2_matched_0.050,0.05,10,0.02892500000000009,0.002798750000000102,0.052650000000000086,0.03464999999999998,0.015048749999999977,0.054649999999999956,0.9997493848210475,0.00025061517895252905,True,True,True,True
0.3,two-g,baseline2_matched_0.200,0.2,10,0.07749999999999999,0.04727437499999996,0.10615062499999992,0.08109999999999999,0.04919875000000005,0.11425,0.9988495842427143,0.0011504157572856943,True,True,True,True
0.3,two-g,baseline2_matched_0.350,0.35,10,0.1690000000000001,0.1379750000000001,0.20090000000000002,0.18234999999999987,0.15489999999999998,0.21219999999999986,0.9989326918997061,0.0010673081002938734,True,True,True,True
0.3,two-g,baseline2_matched_0.500,0.5,10,0.27017500000000005,0.23052500000000023,0.31505,0.2769999999999999,0.22859999999999986,0.3296499999999999,0.9970890807028997,0.0029109192971003006,True,True,True,True
0.3,two-g,baseline2_matched_0.650,0.65,10,0.37042500000000006,0.34992500000000004,0.39242562500000006,0.3665999999999999,0.3437,0.3917999999999998,0.9962708598770682,0.0037291401229317955,True,True,True,True
0.3,two-g,baseline2_matched_0.800,0.8,10,0.4847250000000001,0.45394937500000015,0.51655125,0.4950999999999999,0.4687987499999999,0.5222,0.9946270225620927,0.0053729774379073225,True,True,True,True
0.3,two-g,baseline2_matched_0.950,0.95,10,0.6932,0.661499375,0.7269,0.696,0.6548999999999999,0.7345025000000001,0.990338596734196,0.009661403265804003,True,True,True,True
0.35,one,baseline2_all_hdv_yield,1.0,10,0.6579499999999999,0.5955,0.72150125,0.6579499999999999,0.5964937500000002,0.7219012499999999,1.0012802662024547,-0.001280266202454694,True,True,True,True
0.35,one,baseline2_matched_0.050,0.05,10,-2.2204460492503132e-17,-0.029352499999999965,0.02824999999999993,-2.2204460492503132e-17,-0.02949999999999997,0.02810124999999995,0.9955950837751036,0.00440491622489636,True,False,True,False
0.35,one,baseline2_matched_0.200,0.2,10,0.05380000000000003,0.012648750000000085,0.09745125000000004,0.05380000000000003,0.012750000000000102,0.09710125000000003,0.9978707443746107,0.002129255625389348,True,True,True,True
0.35,one,baseline2_matched_0.350,0.35,10,0.11385000000000003,0.07335000000000003,0.15085125000000005,0.11385000000000003,0.07225,0.15100000000000005,0.9946269889923569,0.0053730110076430915,True,True,True,True
0.35,one,baseline2_matched_0.500,0.5,10,0.15624999999999997,0.10254625000000002,0.21235124999999988,0.15624999999999997,0.10310000000000004,0.21279999999999988,0.9937360976935633,0.006263902306436697,True,True,True,True
0.35,one,baseline2_matched_0.650,0.65,10,0.25484999999999997,0.20439875000000002,0.30324999999999996,0.25484999999999997,0.20445000000000002,0.30410124999999993,1.001567959949852,-0.001567959949851927,True,True,True,True
0.35,one,baseline2_matched_0.800,0.8,10,0.40734999999999993,0.35649749999999997,0.45495,0.40734999999999993,0.3549975,0.45380125,1.0020671082668204,-0.002067108266820439,True,True,True,True
0.35,one,baseline2_matched_0.950,0.95,10,0.5298999999999999,0.4932499999999999,0.57920125,0.5298999999999999,0.4936987499999999,0.57935125,0.9974084266549077,0.0025915733450923018,True,True,True,True
0.35,two-2g,baseline2_all_hdv_yield,1.0,10,0.61995,0.5639731250000001,0.6814775,0.6103,0.5560500000000002,0.66795375,0.9984506096698305,0.0015493903301695422,True,True,True,True
0.35,two-2g,baseline2_matched_0.050,0.05,10,0.0123,-0.011999999999999945,0.032300624999999944,0.00800000000000003,-0.01525124999999991,0.030051250000000047,1.0006296100870857,-0.0006296100870857302,True,False,True,False
0.35,two-2g,baseline2_matched_0.200,0.2,10,0.05932500000000003,0.03422500000000004,0.08527562500000001,0.059150000000000036,0.03420000000000003,0.08425000000000002,1.0005997478983546,-0.0005997478983545967,True,True,True,True
0.35,two-2g,baseline2_matched_0.350,0.35,10,0.10247500000000001,0.07359999999999997,0.13657625000000004,0.10665,0.08014875000000002,0.13875124999999994,0.9998938229094554,0.00010617709054461244,True,True,True,True
0.35,two-2g,baseline2_matched_0.500,0.5,10,0.17629999999999996,0.14227437500000004,0.21194999999999994,0.16554999999999992,0.13399874999999997,0.1999999999999999,1.001601389285955,-0.0016013892859549905,True,True,True,True
0.35,two-2g,baseline2_matched_0.650,0.65,10,0.2790499999999999,0.22422499999999998,0.32775062499999996,0.26860000000000006,0.21790000000000004,0.3138012500000001,1.0015906346724084,-0.0015906346724083864,True,True,True,True
0.35,two-2g,baseline2_matched_0.800,0.8,10,0.37375,0.331998125,0.41370000000000007,0.36950000000000005,0.32585000000000014,0.4092062499999999,0.9988830873398239,0.001116912660176106,True,True,True,True
0.35,two-2g,baseline2_matched_0.950,0.95,10,0.5214749999999999,0.47219999999999984,0.5750287499999999,0.516,0.46945,0.5664999999999999,1.0025852961298656,-0.0025852961298655774,True,True,True,True
0.35,two-g,baseline2_all_hdv_yield,1.0,10,0.61995,0.561724375,0.68150125,0.6103,0.5569987499999999,0.6690024999999999,0.9984506096698305,0.0015493903301695422,True,True,True,True
0.35,two-g,baseline2_matched_0.050,0.05,10,0.009999999999999986,-0.004801875000000053,0.023600625000000035,0.005799999999999983,-0.008649999999999936,0.021199999999999886,0.9977370008544002,0.0022629991455997978,True,False,True,False
0.35,two-g,baseline2_matched_0.200,0.2,10,0.07442499999999999,0.04792500000000004,0.10440062499999996,0.06975000000000002,0.04470000000000007,0.09749999999999999,1.0024283432755792,-0.00242834327557917,True,True,True,True
0.35,two-g,baseline2_matched_0.350,0.35,10,0.11790000000000007,0.08897500000000011,0.14687500000000003,0.10564999999999988,0.08314999999999992,0.12974999999999984,1.0002931400935506,-0.00029314009355063675,True,True,True,True
0.35,two-g,baseline2_matched_0.500,0.5,10,0.20107499999999998,0.15987187499999997,0.240051875,0.1973,0.15639874999999998,0.23820125000000003,1.0027936178480532,-0.0027936178480532092,True,True,True,True
0.35,two-g,baseline2_matched_0.650,0.65,10,0.25432499999999997,0.2201999999999999,0.28767625,0.24465000000000003,0.21045000000000003,0.27974999999999994,0.9983838634818895,0.0016161365181105447,True,True,True,True
0.35,two-g,baseline2_matched_0.800,0.8,10,0.36780000000000007,0.32360000000000005,0.40679999999999994,0.35595,0.31349875,0.3954999999999999,0.9974716999022964,0.002528300097703551,True,True,True,True
0.35,two-g,baseline2_matched_0.950,0.95,10,0.5456000000000001,0.49712249999999997,0.596950625,0.53705,0.48550000000000004,0.5877999999999999,1.0003968010086983,-0.000396801008698322,True,True,True,True
0.39999999999999997,one,baseline2_all_hdv_yield,1.0,10,0.4504,0.40255,0.4831,0.4504,0.40354999999999996,0.4833,1.0035861547381146,-0.003586154738114633,True,True,True,True
0.39999999999999997,one,baseline2_matched_0.050,0.05,10,0.008050000000000002,-0.015951249999999986,0.036251249999999985,0.008050000000000002,-0.01660124999999998,0.03619999999999999,0.9992071808047406,0.0007928191952594199,True,False,True,False
0.39999999999999997,one,baseline2_matched_0.200,0.2,10,0.0462,0.027348749999999977,0.06505125,0.0462,0.027048749999999965,0.06435000000000005,1.0011146343125783,-0.0011146343125782998,True,True,True,True
0.39999999999999997,one,baseline2_matched_0.350,0.35,10,0.08639999999999999,0.05319874999999997,0.12350249999999995,0.08639999999999999,0.052498749999999934,0.12454999999999998,1.0015073608373484,-0.0015073608373483705,True,True,True,True
0.39999999999999997,one,baseline2_matched_0.500,0.5,10,0.1343,0.10239874999999998,0.16520125000000005,0.1343,0.10269875000000002,0.16550125,1.0023943576166927,-0.0023943576166927105,True,True,True,True
0.39999999999999997,one,baseline2_matched_0.650,0.65,10,0.17140000000000002,0.13605000000000003,0.20055000000000006,0.17140000000000002,0.13665,0.20070000000000005,1.0027425601416673,-0.002742560141667294,True,True,True,True
0.39999999999999997,one,baseline2_matched_0.800,0.8,10,0.23604999999999995,0.19179999999999997,0.2695499999999999,0.23604999999999995,0.19129749999999998,0.2701512499999999,1.0029492416073271,-0.0029492416073271244,True,True,True,True
0.39999999999999997,one,baseline2_matched_0.950,0.95,10,0.35475,0.31695,0.39139999999999997,0.35475,0.3176,0.39095125,1.0024557608924816,-0.002455760892481562,True,True,True,True
0.39999999999999997,two-2g,baseline2_all_hdv_yield,1.0,10,0.417,0.3909243750000001,0.4401256250000001,0.42475000000000007,0.3986000000000002,0.4497,1.0039880689334724,-0.003988068933472366,True,True,True,True
0.39999999999999997,two-2g,baseline2_matched_0.050,0.05,10,0.019724999999999993,0.00554937499999995,0.03400062500000006,0.016749999999999977,-0.0013000000000000344,0.03554999999999995,1.00030468529526,-0.00030468529525995436,True,True,True,True
0.39999999999999997,two-2g,baseline2_matched_0.200,0.2,10,0.05679999999999996,0.041074374999999934,0.07555124999999999,0.058250000000000024,0.044050000000000034,0.07510000000000001,1.001740927012778,-0.0017409270127779486,True,True,True,True
0.39999999999999997,two-2g,baseline2_matched_0.350,0.35,10,0.07947500000000003,0.06072500000000007,0.098725,0.08250000000000005,0.06280000000000001,0.10330000000000006,1.0023232404888311,-0.0023232404888311464,True,True,True,True
0.39999999999999997,two-2g,baseline2_matched_0.500,0.5,10,0.10912499999999994,0.08904937499999993,0.12820062499999993,0.10925000000000003,0.08960000000000004,0.12919999999999998,1.0035925037246336,-0.0035925037246336,True,True,True,True
0.39999999999999997,two-2g,baseline2_matched_0.650,0.65,10,0.16234999999999997,0.13999874999999992,0.183225,0.16555,0.14335000000000003,0.18765125000000002,1.0043448532114247,-0.0043448532114247485,True,True,True,True
0.39999999999999997,two-2g,baseline2_matched_0.800,0.8,10,0.23322500000000002,0.20899874999999993,0.255025,0.22895,0.20249999999999999,0.2541525,1.0039852458866845,-0.003985245886684474,True,True,True,True
0.39999999999999997,two-2g,baseline2_matched_0.950,0.95,10,0.355,0.33139937500000005,0.3807018749999999,0.3568,0.3315000000000001,0.38480125000000004,1.0045857606448279,-0.004585760644827852,True,True,True,True
0.39999999999999997,two-g,baseline2_all_hdv_yield,1.0,10,0.41645000000000004,0.391548125,0.43945062500000004,0.4243,0.3982,0.4481,1.0040395898880399,-0.004039589888039874,True,True,True,True
0.39999999999999997,two-g,baseline2_matched_0.050,0.05,10,0.01509999999999998,0.00012499999999995292,0.02744999999999993,0.021050000000000013,0.0032000000000000028,0.03719999999999999,1.0002638368083274,-0.0002638368083274223,True,True,True,True
0.39999999999999997,two-g,baseline2_matched_0.200,0.2,10,0.04312500000000001,0.024349375000000034,0.06435062499999994,0.04565000000000001,0.026150000000000007,0.06730125000000003,1.0017428488201428,-0.0017428488201427506,True,True,True,True
0.39999999999999997,two-g,baseline2_matched_0.350,0.35,10,0.086625,0.06774937499999999,0.10607624999999998,0.09279999999999995,0.07329999999999992,0.11269999999999995,1.0025021274138424,-0.00250212741384237,True,True,True,True
0.39999999999999997,two-g,baseline2_matched_0.500,0.5,10,0.10610000000000004,0.08184937500000002,0.13187812500000004,0.10815000000000001,0.08134875000000001,0.13550000000000006,1.0031169531398325,-0.0031169531398325123,True,True,True,True
0.39999999999999997,two-g,baseline2_matched_0.650,0.65,10,0.16117499999999998,0.135649375,0.184875625,0.1607,0.13270000000000004,0.19025124999999998,1.004087409903502,-0.004087409903501982,True,True,True,True
0.39999999999999997,two-g,baseline2_matched_0.800,0.8,10,0.207825,0.18915000000000004,0.22657500000000003,0.20725000000000002,0.17924625,0.23425,1.003761426974352,-0.003761426974352,True,True,True,True
0.39999999999999997,two-g,baseline2_matched_0.950,0.95,10,0.3378500000000001,0.31522312500000005,0.361025625,0.3386499999999999,0.31609874999999993,0.3624012499999999,1.0043098063876417,-0.004309806387641668,True,True,True,True
0.44999999999999996,one,baseline2_all_hdv_yield,1.0,10,0.41469999999999996,0.38454999999999995,0.4461024999999999,0.41469999999999996,0.38465000000000005,0.44680125,1.0031081974871472,-0.0031081974871471907,True,True,True,True
0.44999999999999996,one,baseline2_matched_0.050,0.05,10,0.012699999999999979,-0.009800000000000031,0.03269999999999999,0.012699999999999979,-0.009600000000000055,0.03309999999999995,0.9998918497367996,0.00010815026320043497,True,False,True,False
0.44999999999999996,one,baseline2_matched_0.200,0.2,10,0.040649999999999985,0.022798749999999965,0.05924999999999998,0.040649999999999985,0.022850000000000016,0.05909999999999997,1.0004658016002559,-0.00046580160025588846,True,True,True,True
0.44999999999999996,one,baseline2_matched_0.350,0.35,10,0.09115000000000002,0.07160000000000002,0.10915000000000001,0.09115000000000002,0.07135000000000002,0.10934999999999999,1.0013712364957317,-0.0013712364957316758,True,True,True,True
0.44999999999999996,one,baseline2_matched_0.500,0.5,10,0.1122,0.09979999999999996,0.12354999999999998,0.1122,0.10029999999999997,0.12390000000000001,1.0013532748088207,-0.001353274808820748,True,True,True,True
0.44999999999999996,one,baseline2_matched_0.650,0.65,10,0.16609999999999997,0.14384999999999998,0.19120124999999996,0.16609999999999997,0.14394874999999996,0.1915,1.0014951917047212,-0.0014951917047212326,True,True,True,True
0.44999999999999996,one,baseline2_matched_0.800,0.8,10,0.21960000000000002,0.19724999999999993,0.2415,0.21960000000000002,0.19685,0.24220125000000003,1.0022413263976016,-0.0022413263976015507,True,True,True,True
0.44999999999999996,one,baseline2_matched_0.950,0.95,10,0.35545,0.31894874999999995,0.39214999999999994,0.35545,0.3183999999999999,0.39324999999999993,1.0030071685011763,-0.003007168501176327,True,True,True,True
0.44999999999999996,two-2g,baseline2_all_hdv_yield,1.0,10,0.395075,0.37712500000000004,0.41364999999999996,0.3944,0.37350000000000005,0.41565,1.0048924508047745,-0.0048924508047745174,True,True,True,True
0.44999999999999996,two-2g,baseline2_matched_0.050,0.05,10,0.009999999999999986,-0.0002749999999999586,0.021274999999999954,0.011350000000000037,-0.0013999999999999124,0.024350000000000028,0.9999572273131143,4.27726868856837e-05,True,False,True,False
0.44999999999999996,two-2g,baseline2_matched_0.200,0.2,10,0.03244999999999998,0.021225000000000004,0.04375062499999999,0.029649999999999975,0.01765000000000001,0.04149999999999996,1.001452171017125,-0.0014521710171249147,True,True,True,True
0.44999999999999996,two-2g,baseline2_matched_0.350,0.35,10,0.06527500000000001,0.05207500000000005,0.07707562500000006,0.06460000000000002,0.04969875,0.07760000000000003,1.0022162990655195,-0.002216299065519456,True,True,True,True
0.44999999999999996,two-2g,baseline2_matched_0.500,0.5,10,0.11352500000000003,0.09652500000000004,0.13027562500000003,0.10900000000000003,0.09200000000000008,0.1258,1.0029516681016288,-0.002951668101628835,True,True,True,True
0.44999999999999996,two-2g,baseline2_matched_0.650,0.65,10,0.15505000000000002,0.13674999999999998,0.17500062500000002,0.15655000000000002,0.13784875,0.17659999999999995,1.0032876622517972,-0.0032876622517972187,True,True,True,True
0.44999999999999996,two-2g,baseline2_matched_0.800,0.8,10,0.21457500000000004,0.19217312500000003,0.23775062500000002,0.21505000000000002,0.19405,0.23595125000000003,1.0039862183080372,-0.003986218308037248,True,True,True,True
0.44999999999999996,two-2g,baseline2_matched_0.950,0.95,10,0.31875000000000003,0.29884875000000005,0.33982562499999996,0.32005,0.3001500000000001,0.34050125000000003,1.0051913889278992,-0.005191388927899165,True,True,True,True
0.44999999999999996,two-g,baseline2_all_hdv_yield,1.0,10,0.39895,0.380524375,0.41810062500000006,0.39735000000000004,0.37615000000000004,0.41900125000000005,1.004234559565034,-0.004234559565033935,True,True,True,True
0.44999999999999996,two-g,baseline2_matched_0.050,0.05,10,0.005300000000000016,-0.004475625000000023,0.015700000000000047,0.008150000000000013,-0.004299999999999994,0.02080000000000004,1.000362314475024,-0.00036231447502399483,True,False,True,False
0.44999999999999996,two-g,baseline2_matched_0.200,0.2,10,0.03830000000000002,0.024525000000000064,0.052300625000000024,0.04085000000000003,0.028250000000000042,0.053300000000000035,1.0013545574837523,-0.00135455748375235,True,True,True,True
0.44999999999999996,two-g,baseline2_matched_0.350,0.35,10,0.06732500000000001,0.04884937500000002,0.08507624999999999,0.06734999999999998,0.047799999999999954,0.08554999999999999,1.0020276158718031,-0.0020276158718031123,True,True,True,True
0.44999999999999996,two-g,baseline2_matched_0.500,0.5,10,0.108625,0.09439874999999998,0.12307499999999998,0.10825,0.09185000000000003,0.12374999999999996,1.0031720821684786,-0.0031720821684786404,True,True,True,True
0.44999999999999996,two-g,baseline2_matched_0.650,0.65,10,0.156125,0.14034937499999994,0.1722,0.1566,0.14109999999999998,0.17249999999999993,1.0036336418437732,-0.0036336418437732387,True,True,True,True
0.44999999999999996,two-g,baseline2_matched_0.800,0.8,10,0.23870000000000005,0.22002499999999997,0.26022500000000004,0.23575,0.21795,0.25565,1.0047430306919611,-0.0047430306919611365,True,True,True,True
0.44999999999999996,two-g,baseline2_matched_0.950,0.95,10,0.329525,0.302725,0.35717499999999996,0.33314999999999995,0.3055999999999999,0.36250000000000004,1.0038437784997565,-0.0038437784997564783,True,True,True,True
0.49999999999999994,one,baseline2_all_hdv_yield,1.0,10,0.42325,0.39749999999999996,0.44765000000000005,0.42325,0.39764999999999995,0.44785,1.0030542793103565,-0.0030542793103565113,True,True,True,True
0.49999999999999994,one,baseline2_matched_0.050,0.05,10,0.002299999999999991,-0.011551250000000037,0.01429999999999999,0.002299999999999991,-0.011699999999999999,0.014049999999999962,1.000259519741637,-0.0002595197416370709,True,False,True,False
0.49999999999999994,one,baseline2_matched_0.200,0.2,10,0.044299999999999985,0.025350000000000004,0.06375124999999998,0.044299999999999985,0.025450000000000018,0.06464999999999996,1.0001880529332978,-0.00018805293329782202,True,True,True,True
0.49999999999999994,one,baseline2_matched_0.350,0.35,10,0.07825000000000001,0.05940000000000001,0.09480125000000006,0.07825000000000001,0.05934999999999999,0.09545000000000003,1.0006178877576637,-0.0006178877576636932,True,True,True,True
0.49999999999999994,one,baseline2_matched_0.500,0.5,10,0.1242,0.10629999999999999,0.14189999999999997,0.1242,0.10594999999999999,0.14190124999999998,1.001321457497012,-0.0013214574970119575,True,True,True,True
0.49999999999999994,one,baseline2_matched_0.650,0.65,10,0.17469999999999997,0.1538987499999999,0.19625125,0.17469999999999997,0.15419999999999995,0.19619999999999999,1.0023963001755969,-0.0023963001755968882,True,True,True,True
0.49999999999999994,one,baseline2_matched_0.800,0.8,10,0.24620000000000006,0.23095000000000004,0.2604,0.24620000000000006,0.23100000000000004,0.26030000000000003,1.0021171765263457,-0.0021171765263456876,True,True,True,True
0.49999999999999994,one,baseline2_matched_0.950,0.95,10,0.34605,0.3269499999999999,0.3661,0.34605,0.32749999999999996,0.3661,1.0028300337621103,-0.002830033762110329,True,True,True,True
0.49999999999999994,two-2g,baseline2_all_hdv_yield,1.0,10,0.38079999999999997,0.35895000000000005,0.40232625000000005,0.3849,0.36369875,0.4050000000000001,1.005539522938022,-0.005539522938021957,True,True,True,True
0.49999999999999994,two-2g,baseline2_matched_0.050,0.05,10,0.011749999999999993,0.002500000000000002,0.021724999999999984,0.012000000000000033,-0.0012499999999999519,0.023951250000000028,1.0000732264548606,-7.322645486063095e-05,True,True,True,True
0.49999999999999994,two-2g,baseline2_matched_0.200,0.2,10,0.03419999999999993,0.025174999999999927,0.04354999999999992,0.03645000000000005,0.02554875000000004,0.047700000000000006,1.0012623672529974,-0.0012623672529974428,True,True,True,True
0.49999999999999994,two-2g,baseline2_matched_0.350,0.35,10,0.06299999999999997,0.05394937499999996,0.07302500000000002,0.06015000000000004,0.05164875000000003,0.06770125000000003,1.001519270091085,-0.001519270091085101,True,True,True,True
0.49999999999999994,two-2g,baseline2_matched_0.500,0.5,10,0.10364999999999998,0.08617374999999997,0.12144999999999997,0.10730000000000003,0.09040000000000004,0.12265000000000008,1.0023344657607614,-0.0023344657607613506,True,True,True,True
0.49999999999999994,two-2g,baseline2_matched_0.650,0.65,10,0.155825,0.14272499999999994,0.168725,0.15840000000000004,0.14640000000000006,0.17140000000000002,1.0027818415553358,-0.0027818415553357845,True,True,True,True
0.49999999999999994,two-2g,baseline2_matched_0.800,0.8,10,0.2244,0.20967499999999997,0.238875,0.22360000000000008,0.20985000000000004,0.23645125000000003,1.0034399131935745,-0.0034399131935745064,True,True,True,True
0.49999999999999994,two-2g,baseline2_matched_0.950,0.95,10,0.31372500000000003,0.30329937500000004,0.324,0.31615000000000004,0.3051000000000001,0.32630000000000003,1.0042137318763873,-0.004213731876387294,True,True,True,True
0.49999999999999994,two-g,baseline2_all_hdv_yield,1.0,10,0.38380000000000003,0.36215,0.40447500000000003,0.38645000000000007,0.36595000000000005,0.4065500000000001,1.0053726935049203,-0.005372693504920312,True,True,True,True
0.49999999999999994,two-g,baseline2_matched_0.050,0.05,10,0.013050000000000016,0.002974999999999994,0.02479999999999999,0.01435000000000004,-9.999999999992349e-05,0.02939999999999998,1.0001143270560462,-0.00011432705604619287,True,True,True,True
0.49999999999999994,two-g,baseline2_matched_0.200,0.2,10,0.03825000000000002,0.03132500000000005,0.04470000000000003,0.04135000000000002,0.0349,0.048,1.0009244558829138,-0.0009244558829137883,True,True,True,True
0.49999999999999994,two-g,baseline2_matched_0.350,0.35,10,0.06752499999999997,0.05464999999999999,0.08009999999999998,0.07169999999999999,0.05914874999999996,0.08365,1.0020680344542368,-0.0020680344542367557,True,True,True,True
0.49999999999999994,two-g,baseline2_matched_0.500,0.5,10,0.103675,0.09227499999999997,0.11485062500000007,0.10395000000000003,0.09190000000000005,0.11485000000000008,1.002520079112133,-0.0025200791121329225,True,True,True,True
0.49999999999999994,two-g,baseline2_matched_0.650,0.65,10,0.14502500000000002,0.133325,0.158575625,0.14480000000000004,0.13150000000000003,0.16015000000000004,1.0030168642085076,-0.0030168642085075525,True,True,True,True
0.49999999999999994,two-g,baseline2_matched_0.800,0.8,10,0.203275,0.19085000000000005,0.21645000000000003,0.20580000000000004,0.19234999999999997,0.21965125000000002,1.0036835192289248,-0.0036835192289248475,True,True,True,True
0.49999999999999994,two-g,baseline2_matched_0.950,0.95,10,0.31205000000000005,0.29375,0.32880125,0.3157500000000001,0.29735000000000006,0.3336,1.004038229682373,-0.004038229682373107,True,True,True,True
0.5499999999999999,one,baseline2_all_hdv_yield,1.0,10,0.40820000000000006,0.38874875,0.42730124999999997,0.40820000000000006,0.38839875,0.4271,1.003209082049304,-0.003209082049304035,True,True,True,True
0.5499999999999999,one,baseline2_matched_0.050,0.05,10,0.017949999999999976,0.005949999999999978,0.031599999999999996,0.017949999999999976,0.005599999999999971,0.031199999999999995,1.0001042416141939,-0.00010424161419386735,True,True,True,True
0.5499999999999999,one,baseline2_matched_0.200,0.2,10,0.0387,0.03025000000000002,0.04745124999999997,0.0387,0.030398750000000006,0.04740000000000001,1.0004460425189827,-0.0004460425189827255,True,True,True,True
0.5499999999999999,one,baseline2_matched_0.350,0.35,10,0.0789,0.06515,0.09169999999999998,0.0789,0.06485000000000002,0.0919,1.0007670850725645,-0.0007670850725645106,True,True,True,True
0.5499999999999999,one,baseline2_matched_0.500,0.5,10,0.11544999999999998,0.10670000000000002,0.12434999999999999,0.11544999999999998,0.10684999999999997,0.12439999999999998,1.0011727836034172,-0.0011727836034172157,True,True,True,True
0.5499999999999999,one,baseline2_matched_0.650,0.65,10,0.16299999999999998,0.146,0.18039999999999998,0.16299999999999998,0.14634999999999998,0.18075124999999995,1.0016100142699556,-0.0016100142699555509,True,True,True,True
0.5499999999999999,one,baseline2_matched_0.800,0.8,10,0.22004999999999994,0.20729874999999998,0.23259999999999997,0.22004999999999994,0.20744999999999997,0.23265000000000002,1.0020932347082196,-0.002093234708219649,True,True,True,True
0.5499999999999999,one,baseline2_matched_0.950,0.95,10,0.34025,0.32204999999999995,0.35835124999999995,0.34025,0.32209874999999993,0.35829999999999995,1.0028815476407567,-0.0028815476407566543,True,True,True,True
0.5499999999999999,two-2g,baseline2_all_hdv_yield,1.0,10,0.36340000000000006,0.34739937500000007,0.3782,0.36315,0.3471475,0.37780125,1.0038602026382917,-0.0038602026382916765,True,True,True,True
0.5499999999999999,two-2g,baseline2_matched_0.050,0.05,10,0.009225000000000016,0.003875000000000006,0.016325625000000024,0.008750000000000003,0.0032000000000000023,0.01629999999999998,1.0000014730533358,-1.4730533357543152e-06,True,True,True,True
0.5499999999999999,two-2g,baseline2_matched_0.200,0.2,10,0.043349999999999986,0.03434937500000001,0.05194999999999998,0.03960000000000001,0.02999875000000002,0.049,1.001101827812209,-0.001101827812209022,True,True,True,True
0.5499999999999999,two-2g,baseline2_matched_0.350,0.35,10,0.07305,0.06335000000000005,0.08345,0.06620000000000001,0.056500000000000015,0.07790000000000001,1.00190050955969,-0.0019005095596900112,True,True,True,True
0.5499999999999999,two-2g,baseline2_matched_0.500,0.5,10,0.09845000000000001,0.085549375,0.11227499999999999,0.09895,0.08510000000000001,0.11334999999999998,1.0014929231752956,-0.0014929231752955907,True,True,True,True
0.5499999999999999,two-2g,baseline2_matched_0.650,0.65,10,0.15184999999999998,0.14537499999999998,0.15815,0.15010000000000004,0.14425000000000004,0.15665,1.0028936063328768,-0.0028936063328768302,True,True,True,True
0.5499999999999999,two-2g,baseline2_matched_0.800,0.8,10,0.210675,0.20087499999999997,0.21990062499999996,0.21079999999999996,0.20115,0.22025,1.003422997369793,-0.0034229973697930127,True,True,True,True
0.5499999999999999,two-2g,baseline2_matched_0.950,0.95,10,0.30827499999999997,0.293874375,0.321175,0.3061,0.28749874999999997,0.321,1.0043288601271885,-0.004328860127188472,True,True,True,True
0.5499999999999999,two-g,baseline2_all_hdv_yield,1.0,10,0.3633,0.34695,0.37772500000000003,0.36269999999999997,0.34670000000000006,0.37720000000000004,1.0039946763244199,-0.003994676324419855,True,True,True,True
0.5499999999999999,two-g,baseline2_matched_0.050,0.05,10,0.009450000000000004,0.0027250000000000212,0.016125,0.005500000000000005,-0.0017499999999999849,0.013149999999999995,1.0006118562674249,-0.0006118562674248818,True,True,True,True
0.5499999999999999,two-g,baseline2_matched_0.200,0.2,10,0.04075000000000001,0.03672499999999999,0.045275000000000024,0.03640000000000001,0.030198750000000007,0.04260000000000001,1.0007481009685832,-0.0007481009685832429,True,True,True,True
0.5499999999999999,two-g,baseline2_matched_0.350,0.35,10,0.06790000000000002,0.06010000000000002,0.07647500000000003,0.06254999999999998,0.05294999999999998,0.07189999999999999,1.0016197444519759,-0.0016197444519758797,True,True,True,True
0.5499999999999999,two-g,baseline2_matched_0.500,0.5,10,0.10025000000000003,0.09272500000000002,0.10757500000000002,0.09459999999999999,0.08634999999999997,0.10295000000000001,1.0020451079389163,-0.002045107938916324,True,True,True,True
0.5499999999999999,two-g,baseline2_matched_0.650,0.65,10,0.148325,0.13625000000000004,0.160950625,0.1446,0.13259875000000002,0.15730000000000002,1.0031310063946348,-0.0031310063946348166,True,True,True,True
0.5499999999999999,two-g,baseline2_matched_0.800,0.8,10,0.21117500000000003,0.19287500000000005,0.22432562500000003,0.2088,0.19004999999999997,0.22319999999999993,1.003629213325619,-0.0036292133256190517,True,True,True,True
0.5499999999999999,two-g,baseline2_matched_0.950,0.95,10,0.30765000000000003,0.29374937500000003,0.32122500000000004,0.30684999999999996,0.29369999999999996,0.31895,1.004744835174937,-0.004744835174937068,True,True,True,True
0.6,one,baseline2_all_hdv_yield,1.0,10,0.41174999999999995,0.39859874999999995,0.4236,0.41174999999999995,0.39894874999999996,0.42325125,1.0022644012198536,-0.0022644012198536068,True,True,True,True
0.6,one,baseline2_matched_0.050,0.05,10,0.01815,0.007700000000000017,0.02805000000000001,0.01815,0.007850000000000001,0.028250000000000008,0.9997528727622832,0.00024712723771680434,True,True,True,True
0.6,one,baseline2_matched_0.200,0.2,10,0.0474,0.038449999999999984,0.056600000000000004,0.0474,0.038299999999999966,0.056450000000000014,0.9999163815252843,8.36184747157187e-05,True,True,True,True
0.6,one,baseline2_matched_0.350,0.35,10,0.07849999999999999,0.06724999999999999,0.08909999999999998,0.07849999999999999,0.06734999999999998,0.08885000000000001,1.00038266698437,-0.0003826669843700614,True,True,True,True
0.6,one,baseline2_matched_0.500,0.5,10,0.10894999999999999,0.09680000000000001,0.12220000000000004,0.10894999999999999,0.09645000000000001,0.12184999999999997,1.0006164817722933,-0.0006164817722933424,True,True,True,True
0.6,one,baseline2_matched_0.650,0.65,10,0.16399999999999998,0.15164999999999998,0.17709999999999998,0.16399999999999998,0.15189999999999998,0.17720000000000002,1.0009280323259144,-0.0009280323259144296,True,True,True,True
0.6,one,baseline2_matched_0.800,0.8,10,0.22774999999999998,0.21595,0.23959999999999998,0.22774999999999998,0.21594875000000002,0.23975125000000005,1.0017498594502492,-0.0017498594502491915,True,True,True,True
0.6,one,baseline2_matched_0.950,0.95,10,0.3547,0.34235,0.36795,0.3547,0.34269874999999994,0.36815125,1.0023816445482492,-0.0023816445482491844,True,True,True,True
0.6,two-2g,baseline2_all_hdv_yield,1.0,10,0.36685,0.3548,0.377425625,0.3701,0.35619999999999996,0.38139999999999996,1.0038856133210179,-0.003885613321017889,True,True,True,True
0.6,two-2g,baseline2_matched_0.050,0.05,10,0.007250000000000023,0.0016250000000000318,0.012550000000000039,0.005499999999999994,-0.0011000000000000012,0.011949999999999983,0.9998437145541418,0.00015628544585821746,True,True,True,True
0.6,two-2g,baseline2_matched_0.200,0.2,10,0.031699999999999985,0.023650000000000025,0.039500624999999956,0.033199999999999986,0.02499874999999999,0.040849999999999984,1.0007731703810228,-0.0007731703810227586,True,True,True,True
0.6,two-2g,baseline2_matched_0.350,0.35,10,0.060125,0.055625000000000015,0.06449999999999997,0.0591,0.05245,0.06590000000000001,1.001252824153654,-0.0012528241536540197,True,True,True,True
0.6,two-2g,baseline2_matched_0.500,0.5,10,0.09817499999999998,0.088175,0.10715,0.0989,0.0889,0.10840000000000001,1.0013347354897524,-0.001334735489752381,True,True,True,True
0.6,two-2g,baseline2_matched_0.650,0.65,10,0.138175,0.12899999999999998,0.14842624999999995,0.13890000000000002,0.1302,0.14804999999999996,1.0017562816252907,-0.0017562816252907343,True,True,True,True
0.6,two-2g,baseline2_matched_0.800,0.8,10,0.2002,0.19067499999999998,0.211325625,0.202,0.1924,0.21214999999999998,1.002452953331553,-0.0024529533315529317,True,True,True,True
0.6,two-2g,baseline2_matched_0.950,0.95,10,0.3095,0.29860000000000003,0.32047499999999995,0.31065,0.29735000000000006,0.32389999999999997,1.0034750611722854,-0.003475061172285354,True,True,True,True
0.6,two-g,baseline2_all_hdv_yield,1.0,10,0.365925,0.352949375,0.3771999999999999,0.36765,0.35194875,0.38105,1.0041970877712363,-0.004197087771236285,True,True,True,True
0.6,two-g,baseline2_matched_0.050,0.05,10,0.007525000000000004,0.0011000000000000233,0.014149999999999986,0.006099999999999994,0.00019999999999998909,0.01200000000000001,1.0000383646072257,-3.83646072257271e-05,True,True,True,True
0.6,two-g,baseline2_matched_0.200,0.2,10,0.030774999999999986,0.0245,0.03594999999999998,0.028149999999999974,0.02264999999999996,0.03349999999999996,1.0007230269516507,-0.0007230269516507182,True,True,True,True
0.6,two-g,baseline2_matched_0.350,0.35,10,0.0627,0.053975000000000016,0.07117562499999996,0.06004999999999999,0.05044874999999999,0.0682,1.0009643849035013,-0.0009643849035012586,True,True,True,True
0.6,two-g,baseline2_matched_0.500,0.5,10,0.09435,0.08854937499999999,0.099575,0.09259999999999997,0.08364874999999997,0.10104999999999995,1.0015322088600036,-0.0015322088600036032,True,True,True,True
0.6,two-g,baseline2_matched_0.650,0.65,10,0.14184999999999998,0.1351,0.14880062499999996,0.14010000000000003,0.13555,0.14500000000000002,1.0023041521624012,-0.0023041521624012073,True,True,True,True
0.6,two-g,baseline2_matched_0.800,0.8,10,0.21600000000000003,0.20405,0.226950625,0.21635,0.20384875000000002,0.22805,1.0035091315896065,-0.003509131589606529,True,True,True,True
0.6,two-g,baseline2_matched_0.950,0.95,10,0.306,0.293475,0.31875,0.3079,0.2942,0.32215000000000005,1.003811334241237,-0.003811334241236919,True,True,True,True
0.65,one,baseline2_all_hdv_yield,1.0,10,0.3771,0.3651,0.3902,0.3771,0.3646987499999999,0.39075,1.0028379834806536,-0.002837983480653561,True,True,True,True
0.65,one,baseline2_matched_0.050,0.05,10,0.01559999999999998,0.006899999999999984,0.023999999999999955,0.01559999999999998,0.00684999999999999,0.023999999999999976,1.000136019151531,-0.00013601915153094168,True,True,True,True
0.65,one,baseline2_matched_0.200,0.2,10,0.042349999999999985,0.033099999999999984,0.05180124999999998,0.042349999999999985,0.0329,0.05169999999999999,1.0002352784826027,-0.00023527848260274098,True,True,True,True
0.65,one,baseline2_matched_0.350,0.35,10,0.06204999999999998,0.05239999999999998,0.07229999999999999,0.06204999999999998,0.05249999999999998,0.07229999999999999,1.0001947789796435,-0.000194778979643484,True,True,True,True
0.65,one,baseline2_matched_0.500,0.5,10,0.09244999999999995,0.08269999999999997,0.10074999999999994,0.09244999999999995,0.08274999999999996,0.10074999999999994,1.0006186028220823,-0.0006186028220822593,True,True,True,True
0.65,one,baseline2_matched_0.650,0.65,10,0.14959999999999998,0.1407,0.16060124999999997,0.14959999999999998,0.14064875000000002,0.16049999999999998,1.00097176829075,-0.0009717682907499636,True,True,True,True
0.65,one,baseline2_matched_0.800,0.8,10,0.19915,0.18895,0.2082,0.19915,0.18869999999999998,0.20834999999999998,1.001611167946265,-0.0016111679462649242,True,True,True,True
0.65,one,baseline2_matched_0.950,0.95,10,0.3094,0.29159999999999997,0.32320000000000004,0.3094,0.291,0.32294999999999996,1.0019852024496383,-0.0019852024496382903,True,True,True,True
0.65,two-2g,baseline2_all_hdv_yield,1.0,10,0.35275,0.33964999999999995,0.36482499999999995,0.35414999999999996,0.34025,0.36629999999999996,1.0033610590279816,-0.003361059027981561,True,True,True,True
0.65,two-2g,baseline2_matched_0.050,0.05,10,0.004800000000000015,-0.001399999999999979,0.010975000000000013,0.0024499999999999743,-0.003650000000000009,0.00924999999999997,0.9998784892492301,0.00012151075076993756,True,False,True,False
0.65,two-2g,baseline2_matched_0.200,0.2,10,0.028100000000000003,0.020799999999999996,0.03460000000000002,0.02504999999999997,0.01789999999999995,0.032149999999999956,1.000552181778327,-0.0005521817783269434,True,True,True,True
0.65,two-2g,baseline2_matched_0.350,0.35,10,0.05025000000000002,0.042024375,0.05947500000000002,0.04739999999999996,0.03569874999999997,0.05950124999999996,1.0009307165653798,-0.0009307165653797966,True,True,True,True
0.65,two-2g,baseline2_matched_0.500,0.5,10,0.08969999999999999,0.08044999999999998,0.097925625,0.08919999999999997,0.07754999999999998,0.10079999999999997,1.001115880278067,-0.001115880278067083,True,True,True,True
0.65,two-2g,baseline2_matched_0.650,0.65,10,0.129525,0.11815000000000002,0.141450625,0.12539999999999998,0.1152,0.13654999999999998,1.001879078926806,-0.0018790789268059438,True,True,True,True
0.65,two-2g,baseline2_matched_0.800,0.8,10,0.18355000000000002,0.16795,0.19927562499999998,0.17754999999999999,0.16099999999999998,0.19335124999999995,1.0022584573663567,-0.0022584573663566587,True,True,True,True
0.65,two-2g,baseline2_matched_0.950,0.95,10,0.28945000000000004,0.274075,0.30960062499999996,0.28915,0.2726,0.31035,1.00312648788448,-0.0031264878844798893,True,True,True,True
0.65,two-g,baseline2_all_hdv_yield,1.0,10,0.353225,0.340374375,0.36490125,0.35534999999999994,0.34199999999999997,0.36665000000000003,1.003154460212579,-0.0031544602125790355,True,True,True,True
0.65,two-g,baseline2_matched_0.050,0.05,10,0.0038250000000000007,-0.0008250000000000094,0.008525000000000005,0.0040999999999999925,-0.003101250000000013,0.011051249999999995,1.0000815283487348,-8.152834873476067e-05,True,False,True,False
0.65,two-g,baseline2_matched_0.200,0.2,10,0.026674999999999994,0.01965,0.033575,0.026000000000000002,0.017500000000000016,0.03459999999999998,1.0004017068559168,-0.00040170685591678357,True,True,True,True
0.65,two-g,baseline2_matched_0.350,0.35,10,0.05615,0.047250000000000014,0.06524999999999997,0.054899999999999984,0.04694999999999998,0.0633,1.000927677336195,-0.0009276773361950319,True,True,True,True
0.65,two-g,baseline2_matched_0.500,0.5,10,0.07745,0.06880000000000001,0.08622499999999998,0.07769999999999999,0.06845,0.08729999999999997,1.0013394472900412,-0.0013394472900412069,True,True,True,True
0.65,two-g,baseline2_matched_0.650,0.65,10,0.120825,0.11505000000000001,0.126075625,0.12209999999999999,0.11734999999999998,0.12639999999999998,1.0018103881234988,-0.0018103881234987629,True,True,True,True
0.65,two-g,baseline2_matched_0.800,0.8,10,0.191725,0.17807499999999998,0.201450625,0.18554999999999996,0.17114999999999997,0.19779999999999998,1.0026007587844294,-0.0026007587844294466,True,True,True,True
0.65,two-g,baseline2_matched_0.950,0.95,10,0.278525,0.26615,0.290675625,0.27809999999999996,0.2624,0.2939,1.0033379991766238,-0.003337999176623807,True,True,True,True
0.7,one,baseline2_all_hdv_yield,1.0,10,0.3748,0.35624874999999995,0.3919,0.3748,0.35654874999999997,0.39175000000000004,1.002537858539465,-0.0025378585394650877,True,True,True,True
0.7,one,baseline2_matched_0.050,0.05,10,0.009000000000000008,0.003700000000000003,0.014450000000000013,0.009000000000000008,0.0036000000000000034,0.014401249999999996,1.000090208134171,-9.020813417093265e-05,True,True,True,True
0.7,one,baseline2_matched_0.200,0.2,10,0.03205000000000001,0.02410000000000001,0.03924999999999999,0.03205000000000001,0.02410000000000001,0.039200000000000006,1.0002950093309624,-0.00029500933096238136,True,True,True,True
0.7,one,baseline2_matched_0.350,0.35,10,0.055799999999999995,0.05029999999999999,0.06205000000000001,0.055799999999999995,0.05019999999999999,0.06194999999999999,1.0005933307520194,-0.0005933307520193942,True,True,True,True
0.7,one,baseline2_matched_0.500,0.5,10,0.08585,0.07835,0.09365,0.08585,0.07844874999999998,0.09375,1.000866895305828,-0.0008668953058279527,True,True,True,True
0.7,one,baseline2_matched_0.650,0.65,10,0.1306,0.1165,0.14420000000000002,0.1306,0.11665,0.14425000000000002,1.0011070167649452,-0.001107016764945179,True,True,True,True
0.7,one,baseline2_matched_0.800,0.8,10,0.18285,0.16920000000000002,0.1964,0.18285,0.16924999999999998,0.19665125,1.0013203518879068,-0.001320351887906801,True,True,True,True
0.7,one,baseline2_matched_0.950,0.95,10,0.29765,0.28615,0.30815000000000003,0.29765,0.28624875,0.30810000000000004,1.0023546904213403,-0.0023546904213402886,True,True,True,True
0.7,two-2g,baseline2_all_hdv_yield,1.0,10,0.352325,0.33662374999999994,0.366675,0.3521,0.33904874999999995,0.36515000000000003,1.0037159634387582,-0.0037159634387582408,True,True,True,True
0.7,two-2g,baseline2_matched_0.050,0.05,10,0.007324999999999998,0.002900000000000008,0.011649999999999994,0.005700000000000005,0.0006500000000000006,0.010550000000000009,1.0003166613450123,-0.00031666134501229237,True,True,True,True
0.7,two-2g,baseline2_matched_0.200,0.2,10,0.029000000000000005,0.023825000000000013,0.03417499999999999,0.02885000000000002,0.02319875000000003,0.03475000000000002,1.0006950472241034,-0.0006950472241034067,True,True,True,True
0.7,two-2g,baseline2_matched_0.350,0.35,10,0.05065000000000001,0.043600000000000014,0.05745062499999999,0.04690000000000001,0.039850000000000024,0.054200000000000005,1.0010777775128994,-0.0010777775128993916,True,True,True,True
0.7,two-2g,baseline2_matched_0.500,0.5,10,0.08084999999999998,0.07365,0.08702499999999999,0.07875000000000001,0.07115,0.08569999999999997,1.0012085980554135,-0.0012085980554135123,True,True,True,True
0.7,two-2g,baseline2_matched_0.650,0.65,10,0.11635,0.10632437500000001,0.126975,0.1143,0.1044,0.12450000000000003,1.0021839685203398,-0.002183968520339752,True,True,True,True
0.7,two-2g,baseline2_matched_0.800,0.8,10,0.17824999999999996,0.16692374999999995,0.189100625,0.17855000000000004,0.16679875000000002,0.18985000000000002,1.0029864422840344,-0.0029864422840344407,True,True,True,True
0.7,two-2g,baseline2_matched_0.950,0.95,10,0.27595000000000003,0.266125,0.28615,0.27599999999999997,0.26525000000000004,0.28775000000000006,1.0033718352726215,-0.003371835272621526,True,True,True,True
0.7,two-g,baseline2_all_hdv_yield,1.0,10,0.348475,0.33512437500000003,0.3594,0.3464,0.33585,0.35535000000000005,1.0036519048969506,-0.003651904896950553,True,True,True,True
0.7,two-g,baseline2_matched_0.050,0.05,10,0.009975000000000001,0.007300000000000006,0.012849999999999983,0.00990000000000001,0.006100000000000006,0.013250000000000012,1.0003417561105157,-0.00034175611051567856,True,True,True,True
0.7,two-g,baseline2_matched_0.200,0.2,10,0.03185,0.028750000000000008,0.035175,0.03340000000000003,0.03080000000000003,0.036300000000000034,1.00066249638361,-0.000662496383609934,True,True,True,True
0.7,two-g,baseline2_matched_0.350,0.35,10,0.05234999999999999,0.045175,0.06005062499999997,0.05230000000000001,0.044700000000000024,0.060901249999999976,1.0008580763094974,-0.0008580763094974131,True,True,True,True
0.7,two-g,baseline2_matched_0.500,0.5,10,0.07925000000000001,0.07315,0.08532500000000001,0.0748,0.06760000000000001,0.08280000000000001,1.0014778030196396,-0.001477803019639623,True,True,True,True
0.7,two-g,baseline2_matched_0.650,0.65,10,0.12622499999999998,0.11384937499999999,0.14027499999999998,0.12240000000000002,0.10840000000000001,0.13735000000000003,1.0020636522777584,-0.0020636522777583988,True,True,True,True
0.7,two-g,baseline2_matched_0.800,0.8,10,0.1727,0.164225,0.1815,0.171,0.16365,0.17975000000000002,1.0025745589839028,-0.002574558983902797,True,True,True,True
0.7,two-g,baseline2_matched_0.950,0.95,10,0.27405,0.26022500000000004,0.287075625,0.27305,0.25695,0.2885,1.0032433117646467,-0.0032433117646466503,True,True,True,True
0.75,one,baseline2_all_hdv_yield,1.0,10,0.33725,0.30824875,0.36575,0.33725,0.30890000000000006,0.36500000000000005,1.0020657037196141,-0.0020657037196141204,True,True,True,True
0.75,one,baseline2_matched_0.050,0.05,10,0.00799999999999999,-0.00010000000000000578,0.017499999999999988,0.00799999999999999,5.000000000000004e-05,0.017149999999999978,1.00004386498065,-4.386498065001021e-05,True,False,True,False
0.75,one,baseline2_matched_0.200,0.2,10,0.02139999999999998,0.01399999999999999,0.02854999999999997,0.02139999999999998,0.01384999999999999,0.02849999999999998,0.999904313858322,9.568614167798639e-05,True,True,True,True
0.75,one,baseline2_matched_0.350,0.35,10,0.045899999999999996,0.03524999999999999,0.058101249999999986,0.045899999999999996,0.03549999999999999,0.057800000000000004,1.000355142155353,-0.0003551421553529277,True,True,True,True
0.75,one,baseline2_matched_0.500,0.5,10,0.06965000000000002,0.0603,0.0792,0.06965000000000002,0.0603,0.07949999999999999,1.0005033902878133,-0.0005033902878133212,True,True,True,True
0.75,one,baseline2_matched_0.650,0.65,10,0.1117,0.09934874999999999,0.12294999999999998,0.1117,0.09964999999999999,0.12294999999999998,1.001021261986319,-0.001021261986319022,True,True,True,True
0.75,one,baseline2_matched_0.800,0.8,10,0.15624999999999997,0.13929999999999998,0.17479999999999998,0.15624999999999997,0.13929999999999998,0.17484999999999998,1.0010004613950496,-0.0010004613950496122,True,True,True,True
0.75,one,baseline2_matched_0.950,0.95,10,0.26745,0.2529,0.28104999999999997,0.26745,0.25245000000000006,0.28109999999999996,1.0017627116173025,-0.0017627116173024593,True,True,True,True
0.75,two-2g,baseline2_all_hdv_yield,1.0,10,0.31945,0.30567500000000003,0.333650625,0.31555,0.29874999999999996,0.33204999999999996,1.0026061347724653,-0.002606134772465296,True,True,True,True
0.75,two-2g,baseline2_matched_0.050,0.05,10,0.012674999999999992,0.00789999999999999,0.017425000000000003,0.013299999999999984,0.00829999999999998,0.01799999999999998,0.9999173669656807,8.263303431932378e-05,True,True,True,True
0.75,two-2g,baseline2_matched_0.200,0.2,10,0.024524999999999984,0.020974374999999993,0.027649999999999987,0.02389999999999997,0.018949999999999974,0.02884999999999997,1.000300473515981,-0.000300473515981059,True,True,True,True
0.75,two-2g,baseline2_matched_0.350,0.35,10,0.048249999999999994,0.043074999999999995,0.05334999999999999,0.04859999999999999,0.04199999999999998,0.05559999999999998,1.0006679485940806,-0.0006679485940805918,True,True,True,True
0.75,two-2g,baseline2_matched_0.500,0.5,10,0.068475,0.06267437499999998,0.07409999999999999,0.0656,0.059,0.07264999999999999,1.0009317340435322,-0.0009317340435321952,True,True,True,True
0.75,two-2g,baseline2_matched_0.650,0.65,10,0.11389999999999997,0.105149375,0.121825,0.11004999999999998,0.10149874999999997,0.11755,1.0015879005785786,-0.001587900578578605,True,True,True,True
0.75,two-2g,baseline2_matched_0.800,0.8,10,0.15665,0.14452375,0.1701,0.1535,0.14185,0.16669999999999996,1.0019509004795775,-0.0019509004795774665,True,True,True,True
0.75,two-2g,baseline2_matched_0.950,0.95,10,0.25907500000000006,0.243449375,0.276201875,0.2591,0.24379874999999995,0.27480125,1.0026609839384721,-0.002660983938472139,True,True,True,True
0.75,two-g,baseline2_all_hdv_yield,1.0,10,0.314725,0.30060000000000003,0.32919999999999994,0.3082,0.29029999999999995,0.3252,1.0027914871220713,-0.0027914871220713344,True,True,True,True
0.75,two-g,baseline2_matched_0.050,0.05,10,0.005199999999999999,0.0022749999999999936,0.008150000000000013,0.007000000000000001,0.0032000000000000028,0.010649999999999988,1.0000974940039455,-9.749400394554186e-05,True,True,True,True
0.75,two-g,baseline2_matched_0.200,0.2,10,0.022649999999999997,0.017925000000000007,0.02697499999999999,0.02514999999999997,0.01834999999999997,0.03199999999999997,1.0003011233780998,-0.00030112337809984346,True,True,True,True
0.75,two-g,baseline2_matched_0.350,0.35,10,0.04559999999999999,0.03937500000000001,0.05260062499999999,0.04509999999999999,0.03924999999999998,0.05105,1.0007903891651253,-0.0007903891651253048,True,True,True,True
0.75,two-g,baseline2_matched_0.500,0.5,10,0.068975,0.06332499999999999,0.07567499999999998,0.0687,0.061499999999999985,0.0769,1.001115220909362,-0.0011152209093618914,True,True,True,True
0.75,two-g,baseline2_matched_0.650,0.65,10,0.10314999999999999,0.09677499999999997,0.109550625,0.09834999999999998,0.0887,0.10704999999999998,1.001646792223476,-0.001646792223475968,True,True,True,True
0.75,two-g,baseline2_matched_0.800,0.8,10,0.16347499999999998,0.15,0.176475,0.16254999999999997,0.149,0.17675,1.0022550585775476,-0.0022550585775475973,True,True,True,True
0.75,two-g,baseline2_matched_0.950,0.95,10,0.244375,0.231324375,0.25592562500000005,0.24489999999999995,0.23149999999999996,0.25680125,1.0024264691760008,-0.002426469176000756,True,True,True,True
0.7999999999999999,one,baseline2_all_hdv_yield,1.0,10,0.32355,0.30204875,0.34630124999999995,0.32355,0.30214875,0.34654999999999997,1.0020877303248483,-0.0020877303248483248,True,True,True,True
0.7999999999999999,one,baseline2_matched_0.050,0.05,10,0.0021500000000000017,-0.0040000000000000036,0.008800000000000007,0.0021500000000000017,-0.004051249999999992,0.008600000000000007,0.9999689266849453,3.1073315054697126e-05,True,False,True,False
0.7999999999999999,one,baseline2_matched_0.200,0.2,10,0.020799999999999996,0.01235,0.027649999999999997,0.020799999999999996,0.012449999999999989,0.027699999999999995,1.000130072771382,-0.0001300727713819949,True,True,True,True
0.7999999999999999,one,baseline2_matched_0.350,0.35,10,0.03229999999999999,0.021949999999999997,0.04129999999999999,0.03229999999999999,0.02209999999999999,0.04140124999999997,1.000197597517535,-0.00019759751753500865,True,True,True,True
0.7999999999999999,one,baseline2_matched_0.500,0.5,10,0.05974999999999999,0.04709999999999999,0.07110000000000001,0.05974999999999999,0.04694875,0.071,1.0004345672998425,-0.000434567299842481,True,True,True,True
0.7999999999999999,one,baseline2_matched_0.650,0.65,10,0.0982,0.08295000000000001,0.11280124999999999,0.0982,0.08310000000000001,0.1129,1.0007980682541793,-0.0007980682541792739,True,True,True,True
0.7999999999999999,one,baseline2_matched_0.800,0.8,10,0.1318,0.12014999999999998,0.14475,0.1318,0.12029999999999999,0.14499999999999996,1.000947629667729,-0.0009476296677290996,True,True,True,True
0.7999999999999999,one,baseline2_matched_0.950,0.95,10,0.22889999999999996,0.20404999999999998,0.25365125,0.22889999999999996,0.20390000000000003,0.253,1.0015173709706917,-0.0015173709706917116,True,True,True,True
0.7999999999999999,two-2g,baseline2_all_hdv_yield,1.0,10,0.273525,0.25179999999999997,0.29550000000000004,0.26094999999999996,0.23804874999999998,0.28145,1.0023329331282023,-0.0023329331282022636,True,True,True,True
0.7999999999999999,two-2g,baseline2_matched_0.050,0.05,10,0.0024250000000000105,-0.0008249999999999924,0.0053750000000000134,0.0037500000000000033,0.0006000000000000005,0.006900000000000006,0.9999389554297918,6.104457020816856e-05,True,False,True,False
0.7999999999999999,two-2g,baseline2_matched_0.200,0.2,10,0.016250000000000014,0.012825000000000013,0.01965000000000001,0.017900000000000017,0.013850000000000012,0.02185000000000002,1.0002012240694544,-0.00020122406945444204,True,True,True,True
0.7999999999999999,two-2g,baseline2_matched_0.350,0.35,10,0.03282500000000001,0.025049375000000013,0.040200000000000014,0.03145,0.023600000000000003,0.03930124999999998,1.0006691710222315,-0.0006691710222315184,True,True,True,True
0.7999999999999999,two-2g,baseline2_matched_0.500,0.5,10,0.05322500000000001,0.04905000000000002,0.05707500000000001,0.050349999999999985,0.04394999999999998,0.05674999999999999,1.0009454587268,-0.0009454587268000747,True,True,True,True
0.7999999999999999,two-2g,baseline2_matched_0.650,0.65,10,0.08252500000000002,0.07367437500000001,0.09165062500000003,0.07595,0.06595000000000001,0.0854,1.001398217505845,-0.001398217505844901,True,True,True,True
0.7999999999999999,two-2g,baseline2_matched_0.800,0.8,10,0.11645000000000001,0.10370000000000001,0.12877500000000003,0.11639999999999999,0.1012,0.1298,1.001526475090778,-0.0015264750907779678,True,True,True,True
0.7999999999999999,two-2g,baseline2_matched_0.950,0.95,10,0.19945000000000002,0.179924375,0.22040062500000002,0.1948,0.16845000000000002,0.22089999999999996,1.0018946753842444,-0.0018946753842443709,True,True,True,True
0.7999999999999999,two-g,baseline2_all_hdv_yield,1.0,10,0.2737,0.25142437500000003,0.29645125,0.2552,0.22749875,0.28085,1.0022906875734177,-0.00229068757341766,True,True,True,True
0.7999999999999999,two-g,baseline2_matched_0.050,0.05,10,0.0030750000000000083,-0.0008999999999999897,0.007325000000000012,0.003400000000000003,-0.0016000000000000014,0.008650000000000008,0.9998360779737736,0.00016392202622639296,True,False,True,False
0.7999999999999999,two-g,baseline2_matched_0.200,0.2,10,0.018775000000000007,0.014750000000000003,0.02370000000000001,0.019750000000000007,0.014450000000000001,0.025799999999999997,1.000388313843008,-0.00038831384300808125,True,True,True,True
0.7999999999999999,two-g,baseline2_matched_0.350,0.35,10,0.03595000000000001,0.029425000000000007,0.04195000000000001,0.033350000000000005,0.026900000000000014,0.03994999999999999,1.0006383534009484,-0.0006383534009484215,True,True,True,True
0.7999999999999999,two-g,baseline2_matched_0.500,0.5,10,0.055625000000000015,0.049974375,0.061775000000000024,0.050149999999999986,0.044249999999999984,0.055999999999999994,1.001009280052579,-0.0010092800525789425,True,True,True,True
0.7999999999999999,two-g,baseline2_matched_0.650,0.65,10,0.089825,0.08230000000000001,0.09792500000000001,0.0873,0.079,0.09589999999999999,1.001345973737131,-0.0013459737371310787,True,True,True,True
0.7999999999999999,two-g,baseline2_matched_0.800,0.8,10,0.12757500000000002,0.11984937500000002,0.13582500000000003,0.11715,0.10659999999999999,0.12815,1.0017323312880857,-0.0017323312880856978,True,True,True,True
0.7999999999999999,two-g,baseline2_matched_0.950,0.95,10,0.20325000000000001,0.18545000000000003,0.22075,0.18655,0.16324999999999998,0.20825,1.0019538502887548,-0.0019538502887548326,True,True,True,True
0.85,one,baseline2_all_hdv_yield,1.0,10,0.2184,0.18269875000000002,0.2552,0.2184,0.18360000000000004,0.25475,1.0014021928379524,-0.0014021928379523985,True,True,True,True
0.85,one,baseline2_matched_0.050,0.05,10,0.005250000000000002,-0.0006500000000000006,0.011750000000000002,0.005250000000000002,-0.0006500000000000006,0.011750000000000002,1.000192094931504,-0.00019209493150396106,True,False,True,False
0.85,one,baseline2_matched_0.200,0.2,10,0.016600000000000007,0.009700000000000005,0.0245,0.016600000000000007,0.009600000000000006,0.02445124999999999,1.0001059629918847,-0.00010596299188470049,True,True,True,True
0.85,one,baseline2_matched_0.350,0.35,10,0.02670000000000001,0.01975000000000001,0.03455124999999999,0.02670000000000001,0.01970000000000001,0.03455000000000001,1.0004428686810232,-0.00044286868102316745,True,True,True,True
0.85,one,baseline2_matched_0.500,0.5,10,0.04635000000000001,0.04035000000000001,0.051000000000000004,0.04635000000000001,0.040250000000000015,0.05110000000000001,1.000604449110812,-0.0006044491108119221,True,True,True,True
0.85,one,baseline2_matched_0.650,0.65,10,0.06365000000000001,0.0479,0.08020124999999999,0.06365000000000001,0.047598750000000016,0.07975125,1.0006171143622558,-0.0006171143622557551,True,True,True,True
0.85,one,baseline2_matched_0.800,0.8,10,0.09204999999999999,0.08219875000000001,0.10329999999999999,0.09204999999999999,0.08225,0.10350124999999999,1.0007487026864952,-0.000748702686495184,True,True,True,True
0.85,one,baseline2_matched_0.950,0.95,10,0.1491,0.13289750000000003,0.16454999999999997,0.1491,0.13244875000000003,0.16415000000000002,1.0009874676688966,-0.000987467668896569,True,True,True,True
0.85,two-2g,baseline2_all_hdv_yield,1.0,10,0.18975000000000003,0.158199375,0.22090125,0.1845,0.15609874999999998,0.21465125,1.0011512046856534,-0.0011512046856534397,True,True,True,True
0.85,two-2g,baseline2_matched_0.050,0.05,10,0.004099999999999998,0.0015243749999999986,0.0068750000000000035,0.003999999999999992,0.0007499999999999923,0.0075499999999999986,1.0001282160476872,-0.00012821604768720185,True,True,True,True
0.85,two-2g,baseline2_matched_0.200,0.2,10,0.012925000000000006,0.009650000000000002,0.016250000000000007,0.013749999999999993,0.009699999999999992,0.017549999999999993,1.0003269162943327,-0.00032691629433267977,True,True,True,True
0.85,two-2g,baseline2_matched_0.350,0.35,10,0.02855000000000001,0.02620000000000001,0.030850625,0.02805,0.024700000000000007,0.03125,1.0004773537286906,-0.00047735372869062154,True,True,True,True
0.85,two-2g,baseline2_matched_0.500,0.5,10,0.041175,0.036075,0.047450000000000006,0.03895,0.03375,0.044599999999999994,1.0008149052173148,-0.0008149052173147542,True,True,True,True
0.85,two-2g,baseline2_matched_0.650,0.65,10,0.06597499999999999,0.06107499999999999,0.07125,0.06284999999999999,0.05625,0.0693,1.0011979468928047,-0.0011979468928047243,True,True,True,True
0.85,two-2g,baseline2_matched_0.800,0.8,10,0.09375,0.08302500000000002,0.104725,0.09,0.07785,0.1022,1.0016734898095305,-0.0016734898095305262,True,True,True,True
0.85,two-2g,baseline2_matched_0.950,0.95,10,0.151375,0.1351,0.170850625,0.14420000000000002,0.1258,0.16765,1.0017131918427236,-0.0017131918427235604,True,True,True,True
0.85,two-g,baseline2_all_hdv_yield,1.0,10,0.19442500000000001,0.16674812500000002,0.221975625,0.1887,0.1628,0.21625,1.00114125124185,-0.0011412512418500498,True,True,True,True
0.85,two-g,baseline2_matched_0.050,0.05,10,0.006625000000000001,0.002799375000000003,0.010700000000000001,0.005899999999999994,0.0004999999999999975,0.010801249999999976,1.0000486051135047,-4.8605113504684994e-05,True,True,True,True
0.85,two-g,baseline2_matched_0.200,0.2,10,0.016325000000000006,0.011025000000000007,0.021875000000000006,0.013599999999999996,0.006949999999999993,0.01985,1.000428440475993,-0.0004284404759931082,True,True,True,True
0.85,two-g,baseline2_matched_0.350,0.35,10,0.02915000000000001,0.024400000000000012,0.034050000000000004,0.028999999999999998,0.02315000000000001,0.035199999999999995,1.0006091939118764,-0.0006091939118764156,True,True,True,True
0.85,two-g,baseline2_matched_0.500,0.5,10,0.04917500000000001,0.04540000000000001,0.05242500000000002,0.04574999999999999,0.040249999999999994,0.05055,1.0010446043697547,-0.0010446043697547314,True,True,True,True
0.85,two-g,baseline2_matched_0.650,0.65,10,0.0679,0.06110000000000001,0.0754,0.06515,0.05765,0.07285,1.0009079033478359,-0.0009079033478358589,True,True,True,True
0.85,two-g,baseline2_matched_0.800,0.8,10,0.09462500000000001,0.08754937500000001,0.10105000000000001,0.0918,0.08425,0.09900000000000002,1.0015303037958623,-0.0015303037958622756,True,True,True,True
0.85,two-g,baseline2_matched_0.950,0.95,10,0.1578,0.13822437499999998,0.176125625,0.1509,0.13255,0.16990124999999998,1.0015364671316562,-0.0015364671316562273,True,True,True,True
0.9,one,baseline2_all_hdv_yield,1.0,10,0.11365,0.0932,0.13305125,0.11365,0.09265,0.13360125,1.001001054107205,-0.0010010541072049683,True,True,True,True
0.9,one,baseline2_matched_0.050,0.05,10,0.0011999999999999984,-0.0016500000000000015,0.004249999999999995,0.0011999999999999984,-0.0017999999999999989,0.004249999999999999,1.0000729591484383,-7.295914843830076e-05,True,False,True,False
0.9,one,baseline2_matched_0.200,0.2,10,0.007399999999999997,0.003299999999999996,0.011599999999999996,0.007399999999999997,0.0031499999999999944,0.011499999999999998,1.0001314593803954,-0.0001314593803953823,True,True,True,True
0.9,one,baseline2_matched_0.350,0.35,10,0.014450000000000001,0.008549999999999999,0.020250000000000008,0.014450000000000001,0.008649999999999998,0.020300000000000006,1.0002476924623793,-0.0002476924623793231,True,True,True,True
0.9,one,baseline2_matched_0.500,0.5,10,0.020499999999999997,0.015349999999999997,0.025249999999999995,0.020499999999999997,0.015250000000000003,0.025399999999999995,1.0002235627526106,-0.00022356275261059544,True,True,True,True
0.9,one,baseline2_matched_0.650,0.65,10,0.02899999999999999,0.026199999999999994,0.03169999999999999,0.02899999999999999,0.026099999999999995,0.031699999999999985,1.0004100738021926,-0.0004100738021926009,True,True,True,True
0.9,one,baseline2_matched_0.800,0.8,10,0.05125,0.04174875000000001,0.06035,0.05125,0.0414,0.0606,1.0007295255102502,-0.0007295255102501841,True,True,True,True
0.9,one,baseline2_matched_0.950,0.95,10,0.0994,0.0859,0.1119,0.0994,0.086,0.11175125,1.0010327659896707,-0.0010327659896707253,True,True,True,True
0.9,two-2g,baseline2_all_hdv_yield,1.0,10,0.08657499999999999,0.06114875000000001,0.112675,0.08515,0.05974875,0.1121,1.000858962190859,-0.0008589621908590139,True,True,True,True
0.9,two-2g,baseline2_matched_0.050,0.05,10,0.002300000000000001,-0.00037500000000000174,0.0050500000000000015,0.00145,-0.0016500000000000015,0.004350000000000002,0.9998580624238194,0.00014193757618063962,True,False,True,False
0.9,two-2g,baseline2_matched_0.200,0.2,10,0.006225000000000001,0.0034243750000000042,0.009000000000000005,0.006200000000000002,0.003350000000000003,0.008900000000000002,1.0002050512026501,-0.00020505120265013055,True,True,True,True
0.9,two-2g,baseline2_matched_0.350,0.35,10,0.014050000000000002,0.010175,0.018625000000000006,0.012300000000000002,0.008600000000000002,0.016450000000000003,1.000409127527608,-0.00040912752760791093,True,True,True,True
0.9,two-2g,baseline2_matched_0.500,0.5,10,0.022600000000000002,0.019825000000000002,0.025600000000000005,0.021050000000000006,0.016800000000000002,0.025150000000000013,1.0005275058328922,-0.0005275058328921833,True,True,True,True
0.9,two-2g,baseline2_matched_0.650,0.65,10,0.034225000000000005,0.027350000000000003,0.04154999999999999,0.03125000000000001,0.0246,0.03835,1.0008216664130167,-0.0008216664130167306,True,True,True,True
0.9,two-2g,baseline2_matched_0.800,0.8,10,0.049324999999999994,0.04027499999999999,0.05920000000000001,0.0451,0.03515000000000001,0.055201249999999986,1.0008753444817997,-0.0008753444817997114,True,True,True,True
0.9,two-2g,baseline2_matched_0.950,0.95,10,0.084725,0.071525,0.09867499999999998,0.07835,0.06124875000000002,0.09605,1.001321364939254,-0.001321364939254055,True,True,True,True
0.9,two-g,baseline2_all_hdv_yield,1.0,10,0.08507499999999998,0.063574375,0.10835062499999998,0.08275,0.06144999999999999,0.10650124999999999,1.0010040919623462,-0.0010040919623461875,True,True,True,True
0.9,two-g,baseline2_matched_0.050,0.05,10,0.00017500000000000016,-0.0025000000000000022,0.0024250000000000022,0.0004000000000000031,-0.0028999999999999955,0.003300000000000003,1.0000177788312046,-1.7778831204573464e-05,True,False,True,False
0.9,two-g,baseline2_matched_0.200,0.2,10,0.00865,0.005325000000000001,0.011774999999999997,0.008050000000000002,0.0038500000000000036,0.012,1.0001890801160698,-0.00018908011606977304,True,True,True,True
0.9,two-g,baseline2_matched_0.350,0.35,10,0.013474999999999997,0.011399999999999997,0.015449999999999997,0.01315,0.011349999999999999,0.014950000000000001,1.0003547763638876,-0.0003547763638875878,True,True,True,True
0.9,two-g,baseline2_matched_0.500,0.5,10,0.023050000000000005,0.019024375,0.026949999999999995,0.021800000000000007,0.018100000000000005,0.025250000000000012,1.0003733449716736,-0.0003733449716736281,True,True,True,True
0.9,two-g,baseline2_matched_0.650,0.65,10,0.032475,0.0274,0.0377,0.0315,0.027450000000000002,0.035449999999999995,1.0005093796406843,-0.0005093796406843154,True,True,True,True
0.9,two-g,baseline2_matched_0.800,0.8,10,0.045200000000000004,0.040225,0.05015000000000001,0.04375,0.03899999999999999,0.04865,1.0009499921094478,-0.0009499921094477948,True,True,True,True
0.9,two-g,baseline2_matched_0.950,0.95,10,0.08602499999999999,0.06969937500000002,0.10200000000000001,0.0819,0.06439999999999999,0.1,1.0008499105867963,-0.0008499105867962875,True,True,True,True
